Name;02.01.2024;03.01.2024;04.01.2024;05.01.2024;08.01.2024;09.01.2024;10.01.2024;11.01.2024;12.01.2024;15.01.2024;16.01.2024;17.01.2024;18.01.2024;19.01.2024;22.01.2024;23.01.2024;24.01.2024;25.01.2024;26.01.2024;29.01.2024;30.01.2024;31.01.2024;01.02.2024;02.02.2024;05.02.2024;06.02.2024;07.02.2024;08.02.2024;09.02.2024;12.02.2024;13.02.2024;14.02.2024;15.02.2024;16.02.2024;19.02.2024;20.02.2024;21.02.2024;22.02.2024;23.02.2024;26.02.2024;27.02.2024;28.02.2024;29.02.2024;01.03.2024;04.03.2024;05.03.2024;06.03.2024;07.03.2024;08.03.2024;11.03.2024;12.03.2024;13.03.2024;14.03.2024;15.03.2024;18.03.2024;19.03.2024;20.03.2024;21.03.2024;22.03.2024;25.03.2024;26.03.2024;27.03.2024;28.03.2024;29.03.2024;01.04.2024;02.04.2024;03.04.2024;04.04.2024;05.04.2024;08.04.2024;09.04.2024;10.04.2024;11.04.2024;12.04.2024;15.04.2024;16.04.2024;17.04.2024;18.04.2024;19.04.2024;22.04.2024;23.04.2024;24.04.2024;25.04.2024;26.04.2024;29.04.2024;30.04.2024;01.05.2024;02.05.2024;03.05.2024;06.05.2024;07.05.2024;08.05.2024;09.05.2024;10.05.2024;13.05.2024;14.05.2024;15.05.2024;16.05.2024;17.05.2024;20.05.2024;21.05.2024;22.05.2024;23.05.2024;24.05.2024;27.05.2024;28.05.2024;29.05.2024;30.05.2024;31.05.2024;03.06.2024;04.06.2024;05.06.2024;06.06.2024;07.06.2024;10.06.2024;11.06.2024;12.06.2024;13.06.2024;14.06.2024;17.06.2024;18.06.2024;19.06.2024;20.06.2024;21.06.2024;24.06.2024;25.06.2024;26.06.2024;27.06.2024;28.06.2024;01.07.2024;02.07.2024;03.07.2024;04.07.2024;05.07.2024;08.07.2024;09.07.2024;10.07.2024;11.07.2024;12.07.2024;15.07.2024;16.07.2024;17.07.2024;18.07.2024;19.07.2024;22.07.2024;23.07.2024;24.07.2024;25.07.2024;26.07.2024;29.07.2024;30.07.2024;31.07.2024;01.08.2024;02.08.2024;05.08.2024;06.08.2024;07.08.2024;08.08.2024;09.08.2024;12.08.2024;13.08.2024;14.08.2024;15.08.2024;16.08.2024;19.08.2024;20.08.2024;21.08.2024;22.08.2024;23.08.2024;26.08.2024;27.08.2024;28.08.2024;29.08.2024;30.08.2024;02.09.2024;03.09.2024;04.09.2024;05.09.2024;06.09.2024;09.09.2024;10.09.2024;11.09.2024;12.09.2024;13.09.2024;16.09.2024;17.09.2024;18.09.2024;19.09.2024;20.09.2024;23.09.2024;24.09.2024;25.09.2024;26.09.2024;27.09.2024;30.09.2024
Ahsan Ali;12,20;12,28;11,70;10,92;12,17;13,10;12,77;11,20;12,33;12,75;13,12;10,82;12,65;11,61;11,49;11,59;11,16;12,37;12,72;12,16;12,41;12,79;11,61;10,93;11,11;11,76;12,36;11,02;11,69;10,89;11,17;12,10;12,86;11,54;12,56;10,97;12,45;10,92;12,43;10,87;11,86;11,97;12,03;12,54;11,54;12,34;11,92;13,01;13,10;11,17;13,05;12,11;11,19;12,82;13,12;12,43;12,77;11,70;11,52;11,48;12,74;11,86;12,50;11,86;11,98;10,81;11,82;12,30;11,36;12,81;12,29;10,95;12,02;12,79;12,26;11,05;11,31;13,01;12,90;11,35;12,78;13,06;11,15;12,36;13,15;13,13;11,15;12,30;13,11;11,19;12,77;11,83;12,24;11,77;12,94;12,97;13,17;11,29;12,37;12,55;13,08;12,31;12,40;12,45;11,81;10,98;12,97;12,72;13,07;11,59;12,41;12,61;12,30;11,41;12,80;13,09;12,08;10,97;11,77;13,15;12,52;11,58;13,19;12,42;11,81;11,05;11,52;13,17;13,01;11,10;12,79;13,09;10,93;12,96;12,40;12,76;12,87;10,97;13,05;11,67;13,00;11,35;12,11;13,17;11,97;11,98;11,39;12,93;12,15;12,55;11,06;12,57;11,23;13,13;11,37;11,79;11,08;12,65;11,96;12,73;12,61;13,01;13,10;11,92;12,35;12,51;11,78;11,40;11,02;12,41;12,63;12,85;12,99;13,06;12,09;11,91;12,56;12,45;10,84;12,24;13,03;11,24;11,67;10,95;12,15;11,74;12,53;12,71;11,10;11,48;11,87;12,03;11,97;11,93;13,19
Laly;11,58;11,23;11,05;10,86;11,25;11,69;12,80;10,98;12,96;12,57;11,22;12,62;11,34;11,56;12,34;12,70;11,64;12,36;12,07;10,96;12,08;12,06;12,73;12,87;11,66;12,86;11,85;12,70;11,52;12,37;12,33;12,88;11,68;12,26;12,16;10,92;11,99;10,90;12,49;10,85;13,08;11,15;11,02;11,64;11,79;11,79;11,51;11,28;12,42;11,57;12,45;13,17;12,65;10,95;11,82;12,86;11,27;11,31;11,45;12,44;12,72;11,54;13,08;10,90;11,84;11,56;12,45;13,01;11,84;12,27;11,63;10,83;10,98;12,87;11,68;12,27;12,30;11,87;13,17;10,85;12,26;11,53;11,19;12,63;10,98;11,36;12,21;12,62;11,41;12,18;11,65;13,10;12,99;11,80;10,87;12,09;11,54;12,89;11,19;12,20;12,74;12,44;12,40;13,07;11,47;11,51;12,73;10,99;13,02;11,70;11,96;10,92;11,01;12,14;11,38;12,56;12,40;12,40;12,72;12,05;11,10;11,99;11,86;11,90;11,37;11,33;11,72;10,89;12,61;11,51;12,55;12,63;11,52;11,20;10,86;11,60;12,24;12,18;12,33;13,04;11,21;12,78;12,70;12,73;11,43;12,47;12,54;13,03;12,57;11,09;11,24;12,40;12,21;11,30;12,38;13,01;12,70;11,90;10,96;10,93;10,80;13,04;12,65;11,80;12,31;12,69;10,96;13,20;11,93;11,99;12,28;11,69;11,34;10,88;11,76;11,69;12,24;13,00;11,97;11,05;13,00;11,36;10,86;11,48;12,88;12,03;13,19;11,13;13,04;12,95;11,41;12,13;11,32;11,81;11,99
Anna;12,08;10,95;12,72;11,72;11,57;12,15;13,13;11,89;11,27;11,65;13,14;12,04;10,96;12,27;13,17;11,04;11,82;10,97;11,82;12,68;12,89;10,99;11,59;13,17;11,86;12,79;12,52;11,10;12,94;10,97;11,51;11,03;11,37;11,47;12,72;11,62;12,53;12,20;11,63;11,42;11,98;12,63;11,69;12,66;12,33;11,32;11,41;13,08;12,05;11,20;11,90;12,90;12,67;10,80;11,32;12,19;11,07;12,69;12,04;12,14;12,69;10,93;12,36;11,68;12,28;10,91;12,09;11,84;12,90;13,02;11,49;11,34;12,07;11,17;12,01;12,99;12,50;11,81;12,76;11,67;12,49;12,18;12,39;11,54;12,04;12,98;12,42;11,65;12,98;12,54;12,32;11,40;11,52;13,12;11,50;11,10;12,48;12,30;11,76;13,14;12,65;13,02;12,57;11,94;11,38;11,95;11,59;13,12;11,54;11,58;12,94;11,22;12,73;11,64;11,15;11,86;12,17;11,51;12,18;11,39;12,89;11,32;10,92;12,53;11,92;11,07;12,44;10,98;10,83;11,66;11,22;12,26;12,41;11,13;11,85;12,73;12,33;12,10;13,15;11,89;12,97;11,76;12,77;12,75;13,12;12,44;12,11;12,87;13,19;11,43;13,00;11,66;11,23;11,33;12,52;11,74;12,14;11,43;11,82;11,59;11,41;12,32;12,92;12,16;11,42;12,05;13,16;13,15;11,08;13,20;12,63;10,90;11,50;12,54;12,01;12,14;10,97;10,81;12,75;11,26;12,32;11,53;11,03;11,28;12,59;11,63;12,61;12,72;12,32;11,25;11,16;11,90;11,50;11,11;12,37
Arslan;7,40;8,30;8,60;8,52;7,28;7,52;8,80;7,85;8,72;7,26;8,78;7,59;8,17;8,06;8,03;7,20;8,49;7,21;8,05;8,72;7,79;8,47;7,80;8,23;8,17;7,73;7,39;7,66;8,62;7,87;8,30;7,76;8,43;8,48;7,73;8,56;7,25;7,85;8,76;7,38;8,08;8,48;8,36;8,23;8,43;8,79;7,45;7,31;8,17;8,48;8,64;7,41;7,86;7,57;8,78;7,32;7,46;7,30;7,24;8,12;8,31;8,48;8,39;7,62;8,30;7,74;8,37;8,20;8,05;8,02;8,53;7,33;7,67;7,54;7,89;7,61;7,44;7,27;7,42;7,70;8,11;7,22;8,54;8,69;8,36;7,91;8,46;7,33;7,64;7,88;7,50;8,77;8,37;7,54;7,46;8,67;8,66;7,43;8,45;8,15;8,40;7,52;7,84;8,39;8,35;8,02;8,54;7,46;7,55;8,22;7,77;8,70;7,60;8,23;7,38;8,45;7,28;8,67;7,58;7,54;8,14;7,60;8,63;8,72;8,70;7,80;8,51;8,15;8,05;7,59;8,13;8,63;8,24;8,11;8,02;8,27;8,37;7,41;8,32;8,38;7,92;8,12;7,97;7,30;7,53;8,65;8,12;8,55;8,40;7,78;8,37;7,94;7,66;7,59;7,42;7,99;8,20;7,22;8,50;8,61;8,66;8,78;7,90;7,84;7,93;7,67;8,05;7,25;7,81;8,14;7,71;8,36;8,28;7,21;8,23;8,21;8,40;8,12;8,35;8,13;7,59;7,97;7,22;8,48;7,78;8,19;8,16;7,32;8,76;8,21;7,59;7,76;8,47;8,79;7,63
Abdurrahim;0,00;8,31;8,23;8,26;0,00;0,00;7,75;8,26;8,05;0,00;0,00;7,96;8,29;8,01;0,00;0,00;7,65;7,64;7,72;0,00;0,00;7,66;7,96;7,88;0,00;0,00;7,85;7,95;7,92;0,00;0,00;7,75;8,36;8,18;0,00;0,00;7,79;7,92;7,97;0,00;0,00;7,99;8,09;7,96;0,00;0,00;8,20;8,14;8,20;0,00;0,00;7,80;7,66;8,23;0,00;0,00;7,67;8,22;7,66;0,00;0,00;7,73;7,93;8,10;0,00;0,00;7,64;8,11;8,07;0,00;0,00;8,15;7,86;7,64;0,00;0,00;8,34;7,90;8,17;0,00;0,00;8,18;7,91;7,76;0,00;0,00;8,21;7,83;7,90;0,00;0,00;7,85;8,26;7,73;0,00;0,00;7,82;7,62;7,70;0,00;0,00;8,32;8,40;7,75;0,00;0,00;7,61;8,36;8,35;0,00;0,00;7,62;8,24;7,94;0,00;0,00;7,99;8,03;7,85;0,00;0,00;8,31;8,20;7,78;0,00;0,00;7,63;7,74;8,29;0,00;0,00;8,10;7,94;7,65;0,00;0,00;8,02;7,76;8,34;0,00;0,00;8,24;7,79;8,30;0,00;0,00;8,19;8,24;7,78;0,00;0,00;8,29;8,30;8,12;0,00;0,00;8,13;7,66;8,07;0,00;0,00;7,93;8,08;8,27;0,00;0,00;7,72;8,30;8,10;0,00;0,00;7,98;8,20;7,81;0,00;0,00;8,00;8,33;7,91;0,00;0,00;7,71;8,23;8,05;0,00;0,00;8,31;7,78;8,18;0,00;0,00;8,20;7,69;8,29;0,00
Alexander;7,93;8,65;8,40;7,77;7,62;8,54;8,26;8,53;8,29;8,11;7,28;8,48;8,09;8,30;8,66;8,51;7,36;7,44;7,83;7,61;8,12;7,58;8,21;8,69;7,86;8,40;8,52;8,02;7,70;7,60;7,78;7,50;7,53;8,59;7,66;7,22;7,60;7,98;7,94;8,35;8,78;8,71;8,14;7,71;8,22;8,33;7,29;8,25;8,03;7,96;8,74;8,68;7,70;7,95;8,21;7,95;7,48;8,62;7,66;7,39;8,65;7,25;8,45;7,35;7,23;8,04;8,13;8,30;7,65;7,33;7,42;7,32;8,60;8,51;8,65;8,41;8,52;7,83;8,39;8,29;7,53;7,45;8,07;7,36;7,27;8,24;7,98;7,49;8,45;8,43;7,38;8,47;8,11;7,49;7,38;7,93;7,26;8,09;7,61;8,34;7,34;8,34;8,51;7,67;7,26;8,21;7,36;8,78;8,01;7,30;7,91;8,59;7,91;7,63;7,82;8,65;8,49;8,20;8,09;8,19;7,69;7,45;8,21;7,80;7,35;7,32;8,18;8,29;8,76;7,79;7,78;8,71;7,25;7,74;8,60;7,37;7,23;7,39;8,65;7,84;8,57;7,63;8,15;7,83;8,70;8,67;7,76;8,38;7,36;7,52;8,66;8,62;7,71;8,71;8,55;8,06;8,32;8,74;7,65;8,55;8,13;8,78;7,65;8,03;8,35;8,04;7,21;7,70;8,43;7,51;8,65;8,52;8,21;8,08;7,50;7,98;7,68;7,79;8,71;8,20;7,89;7,28;7,79;8,03;8,65;7,26;7,48;8,04;7,58;7,63;8,51;7,55;8,41;8,77;7,99
Ibrahim;8,52;8,45;8,46;8,91;8,62;8,72;9,83;9,34;9,41;8,71;8,44;8,87;9,87;8,93;8,71;8,75;9,69;9,19;8,80;9,59;8,70;8,63;8,76;9,80;8,72;9,39;9,15;8,49;8,89;9,89;9,84;9,47;9,15;8,52;8,30;9,62;8,34;8,66;8,39;9,07;9,36;9,17;9,30;8,16;8,35;8,68;9,08;9,37;8,74;9,30;9,89;8,96;8,41;8,75;8,46;9,03;9,24;9,78;9,04;8,38;8,66;8,98;8,16;9,06;8,31;8,68;8,86;9,59;9,52;9,85;9,48;9,39;9,09;9,03;9,11;8,56;8,48;9,09;9,72;8,30;9,47;9,65;9,29;8,46;9,85;8,64;8,81;8,72;9,26;9,17;9,77;8,14;9,23;9,44;8,18;8,98;9,43;8,37;9,08;9,68;8,60;9,36;8,63;8,33;8,72;9,90;9,90;8,26;8,39;8,66;8,11;8,11;9,57;8,47;8,39;9,47;9,81;8,29;9,87;8,13;8,53;9,52;9,33;8,86;8,58;9,69;9,37;8,29;9,18;9,29;9,49;8,35;9,06;9,54;8,84;8,39;9,50;9,03;9,74;9,14;8,66;8,59;8,98;8,62;8,19;8,43;8,67;9,10;9,26;8,93;8,15;8,38;8,77;9,54;8,54;8,15;9,33;8,15;9,87;9,30;9,60;8,23;8,65;8,93;8,25;8,97;8,95;8,53;9,25;9,24;9,21;8,84;9,11;8,87;9,44;8,90;8,57;9,61;9,14;9,76;8,56;8,40;9,13;9,39;9,84;8,46;8,15;8,22;8,78;8,94;9,41;9,49;8,65;8,83;9,12
Pedro;8,76;8,31;8,38;8,13;7,57;8,32;8,22;7,77;8,23;8,30;8,77;7,24;8,11;7,87;8,76;7,74;8,72;7,28;8,41;8,37;7,58;7,73;7,59;8,79;8,64;8,49;8,73;8,78;7,95;7,70;7,78;8,54;8,26;8,76;8,68;8,12;8,30;7,36;8,75;7,64;7,86;8,36;8,04;7,28;7,59;8,22;7,30;8,75;8,39;7,53;7,86;7,40;7,85;8,51;7,21;8,67;7,46;8,49;8,49;8,28;7,29;7,95;7,32;7,30;8,48;7,37;8,57;8,76;7,34;7,81;7,52;8,47;8,27;7,47;7,49;7,56;8,21;8,14;7,96;7,85;8,24;7,78;8,56;8,05;8,68;8,46;8,77;7,54;8,22;8,26;8,71;7,71;7,62;8,35;8,09;7,43;7,90;7,53;8,34;8,08;8,04;8,79;8,19;7,33;7,36;7,22;7,87;8,59;7,56;8,56;7,43;8,22;8,76;8,79;7,92;7,63;8,22;8,56;7,68;8,02;8,29;7,48;7,23;7,54;7,53;7,86;7,45;7,25;7,31;8,37;8,58;8,26;8,77;7,40;7,89;8,30;7,97;8,16;8,53;8,08;8,79;8,43;8,73;7,74;7,69;8,03;8,73;8,24;8,08;7,46;7,49;8,19;7,88;7,31;8,79;8,76;7,24;8,24;7,37;8,05;7,41;7,34;7,24;7,56;7,22;8,21;8,42;7,73;8,42;8,47;7,59;8,60;8,21;8,79;8,32;7,27;7,21;8,36;7,94;7,30;7,73;8,44;7,63;8,58;8,05;8,17;7,48;8,74;8,02;8,58;7,83;8,39;7,63;8,63;7,78
Khyalla;4,10;0,00;0,00;8,06;7,67;3,99;0,00;0,00;7,93;8,39;4,18;0,00;0,00;7,93;8,11;3,92;0,00;0,00;8,28;7,67;4,23;0,00;0,00;8,09;8,34;4,15;0,00;0,00;8,00;8,05;3,71;0,00;0,00;8,13;8,05;4,16;0,00;0,00;8,18;7,94;4,29;0,00;0,00;8,02;7,66;3,90;0,00;0,00;7,96;7,97;3,62;0,00;0,00;8,24;7,69;4,05;0,00;0,00;7,98;8,16;3,81;0,00;0,00;8,14;7,86;4,29;0,00;0,00;7,92;7,77;4,22;0,00;0,00;7,66;8,38;4,05;0,00;0,00;8,09;8,14;4,26;0,00;0,00;8,13;7,78;4,16;0,00;0,00;7,61;7,65;3,77;0,00;0,00;8,35;8,36;3,89;0,00;0,00;8,32;7,77;3,75;0,00;0,00;8,36;8,21;4,10;0,00;0,00;8,04;8,10;4,30;0,00;0,00;7,67;8,10;4,23;0,00;0,00;7,78;7,81;3,74;0,00;0,00;7,73;8,08;3,83;0,00;0,00;8,22;7,71;4,39;0,00;0,00;8,14;8,19;3,73;0,00;0,00;7,77;8,14;3,71;0,00;0,00;8,17;8,05;4,00;0,00;0,00;8,06;8,32;4,28;0,00;0,00;8,36;8,33;4,37;0,00;0,00;8,14;8,14;3,90;0,00;0,00;7,94;8,20;4,12;0,00;0,00;7,88;8,17;4,13;0,00;0,00;7,98;8,24;4,33;0,00;0,00;7,76;8,26;3,78;0,00;0,00;7,89;7,82;4,33;0,00;0,00;7,75;8,30;4,23;0,00;0,00;8,34;8,31
Ahmad;7,46;7,08;6,36;6,80;7,25;6,97;7,63;6,60;6,65;6,42;6,98;7,51;7,01;7,15;7,52;7,36;7,65;6,31;6,63;6,71;7,34;6,65;7,10;6,34;6,33;6,96;6,48;7,44;7,02;6,36;6,95;7,59;7,43;6,51;6,41;7,36;6,60;6,95;6,43;7,40;6,76;6,33;7,31;7,60;7,25;6,66;7,02;6,90;7,43;6,57;6,89;6,38;7,52;7,32;6,41;6,71;7,07;7,38;6,44;6,46;6,50;6,93;7,50;7,58;7,63;6,45;6,80;6,81;7,60;6,73;6,66;6,55;7,17;7,11;7,38;7,14;6,41;6,89;7,56;7,29;6,70;6,71;7,60;6,71;7,36;6,74;6,92;7,39;7,23;6,42;7,15;7,47;7,12;7,58;6,32;7,24;6,58;6,42;7,01;7,44;7,53;6,44;7,52;6,78;7,08;7,38;7,56;7,30;6,82;7,12;7,16;7,32;7,39;6,75;7,51;7,32;7,32;7,61;6,81;7,45;6,84;7,55;7,09;6,47;7,41;7,12;6,34;6,49;6,63;7,49;7,04;6,56;6,41;7,46;7,34;7,10;6,78;7,11;7,40;6,72;7,56;7,09;6,50;7,58;6,94;7,20;7,56;6,56;6,32;6,77;6,98;7,27;7,14;7,22;7,68;6,75;7,64;7,55;6,66;7,41;6,69;6,75;6,61;6,92;6,55;6,35;7,42;6,57;6,40;6,31;6,60;7,16;7,56;6,82;6,98;7,00;6,34;6,64;6,32;6,46;6,34;7,41;6,87;7,10;7,33;7,14;6,37;7,44;6,79;6,74;7,22;7,22;6,41;7,65;7,40
Ilknur;7,67;8,70;8,10;8,17;7,41;7,35;8,67;7,47;7,97;7,96;8,36;7,43;8,76;7,96;7,57;8,65;7,87;8,48;8,36;8,77;7,63;8,41;7,70;7,38;8,66;8,15;7,32;7,54;8,21;7,66;8,75;8,56;7,71;7,65;7,42;7,44;8,07;8,59;7,83;8,79;8,50;7,30;7,70;8,26;8,79;7,64;8,02;8,13;8,22;8,17;7,25;7,85;7,29;8,77;7,99;8,69;8,37;8,26;8,52;8,06;8,35;8,11;8,79;7,24;8,41;8,21;8,12;7,28;7,92;8,21;7,67;7,36;7,94;7,31;8,22;8,59;8,46;8,49;8,75;8,56;8,18;7,85;8,71;7,56;8,10;8,14;8,00;8,02;7,77;7,26;7,35;7,42;7,39;7,66;7,82;7,86;8,62;7,48;8,75;7,46;8,14;7,38;8,55;7,21;7,61;7,24;7,64;7,74;7,76;7,28;7,95;8,01;8,01;7,44;7,44;8,76;8,46;7,77;7,52;7,61;8,25;8,59;7,33;7,64;8,21;8,04;8,06;8,71;7,93;8,31;7,47;7,61;7,76;8,39;8,34;8,09;8,03;7,82;7,89;7,22;7,66;8,43;7,87;7,79;7,91;7,49;7,24;8,69;7,44;8,17;7,53;8,22;8,00;8,12;8,53;7,91;7,92;8,63;8,04;8,09;7,68;7,98;8,74;8,35;8,19;8,03;8,41;7,40;8,61;8,58;7,72;7,41;7,93;7,79;7,74;8,66;8,14;7,83;8,52;8,32;8,78;8,00;8,01;8,18;8,17;7,45;7,99;8,06;7,42;7,67;8,56;8,73;8,13;8,73;7,95
Eraj;7,12;7,79;7,31;7,23;8,28;7,37;7,98;7,70;7,79;6,94;8,32;8,19;7,85;8,09;6,89;7,73;7,01;8,11;7,46;7,06;8,24;7,89;7,67;7,95;8,12;8,01;7,89;7,00;7,10;7,24;7,42;7,78;7,34;9,17;8,48;8,45;9,07;8,75;9,70;8,71;9,37;9,77;9,14;6,95;8,00;7,18;8,00;7,22;8,07;8,18;7,99;8,16;6,89;7,85;7,84;7,87;6,88;6,96;8,14;7,99;8,25;8,34;7,29;7,77;7,52;7,26;7,61;8,20;7,60;7,09;7,66;7,87;7,84;6,93;8,28;7,88;6,92;7,46;7,16;8,31;8,30;7,21;6,94;7,27;8,00;6,87;7,30;8,33;8,05;7,63;7,10;7,68;7,23;7,36;7,15;7,95;8,26;7,17;8,09;6,90;7,99;7,60;7,58;8,00;8,27;8,04;7,50;7,31;6,87;8,06;7,26;7,94;8,35;7,38;7,41;7,76;6,95;6,89;7,37;7,40;7,29;6,87;7,08;7,64;7,91;8,07;8,35;7,70;7,70;7,96;7,75;8,20;8,28;8,00;7,02;7,49;7,22;7,35;8,03;7,49;6,92;6,85;7,44;7,01;7,59;8,34;8,29;7,79;7,69;8,12;8,33;7,16;6,89;8,33;7,14;7,06;7,09;8,35;7,36;7,15;7,59;6,92;8,28;7,19;7,27;7,01;7,51;7,22;7,53;7,86;6,98;8,24;7,49;7,57;7,02;7,49;8,17;7,33;7,08;7,59;6,92;8,11;7,94;7,45;7,34;7,69;7,22;7,46;6,99;7,13;7,18;7,41;7,80;8,30;7,63
Gavinthan;7,19;7,50;4,85;7,16;7,18;7,88;7,43;4,53;6,91;6,95;7,53;7,35;4,73;7,56;7,06;7,98;7,41;4,85;7,81;7,79;7,64;8,06;4,47;7,24;7,39;7,93;7,20;5,51;7,47;7,23;6,83;6,85;5,65;7,73;8,00;7,60;7,49;4,62;8,05;6,98;7,65;8,01;4,32;7,70;7,63;7,65;8,03;5,07;8,07;8,17;7,18;6,89;5,11;7,51;7,09;7,00;7,63;4,36;7,61;7,45;8,15;8,11;4,64;7,43;7,85;7,27;7,52;5,07;7,51;7,74;8,06;7,65;5,53;7,75;7,33;6,82;7,34;4,77;7,06;7,43;7,51;7,88;4,45;7,53;7,02;7,86;7,26;4,67;7,62;7,64;6,83;7,25;5,22;7,25;7,33;7,73;7,16;5,16;7,95;7,63;7,31;7,05;4,74;8,09;7,42;7,77;7,80;5,53;6,96;7,20;7,30;7,18;5,50;6,99;6,99;6,84;7,80;4,91;7,94;7,89;8,11;8,13;4,84;6,90;8,10;6,87;6,88;4,62;7,14;7,17;7,47;7,39;4,59;8,15;7,13;7,34;7,41;5,23;7,70;6,93;7,48;7,96;4,77;7,00;7,95;7,35;7,06;5,08;7,66;7,91;6,92;7,12;4,37;7,95;7,32;7,15;7,38;5,15;7,68;7,59;7,10;7,75;5,35;7,28;7,05;8,01;8,11;5,24;7,94;7,10;8,02;7,56;5,68;6,80;7,36;7,48;7,26;5,33;6,95;7,44;7,31;7,54;5,66;7,52;7,57;7,61;7,90;4,60;7,88;7,10;7,88;7,25;4,49;7,25;8,04
Burcu;7,43;6,80;6,39;7,25;6,46;7,57;6,89;6,92;6,68;7,18;7,41;7,05;6,89;7,36;6,73;6,66;6,76;7,63;7,12;6,63;6,86;7,34;7,54;7,09;7,15;7,01;7,04;6,90;6,97;7,81;7,04;7,58;7,99;7,26;7,80;8,21;7,83;7,32;8,21;9,62;9,04;9,29;9,28;6,91;6,92;6,39;7,46;7,70;7,09;7,01;6,35;6,70;7,01;7,29;7,57;6,80;6,32;7,36;6,41;7,16;7,12;6,56;6,80;6,45;6,67;6,93;7,04;6,78;7,11;7,65;6,60;6,72;6,57;6,44;6,36;6,55;7,35;7,31;7,19;7,32;7,68;6,91;7,10;6,67;7,51;6,76;7,15;6,90;7,60;7,13;7,42;6,30;7,34;6,54;6,95;7,16;6,55;7,30;7,27;7,46;7,24;7,33;6,40;6,42;6,61;7,24;7,18;6,60;6,59;7,56;7,29;7,65;6,79;7,55;7,54;7,24;7,57;6,60;7,18;6,79;7,38;7,34;6,94;6,44;7,38;6,89;7,31;6,38;7,35;7,09;6,64;7,52;7,10;7,64;7,66;6,93;7,61;7,56;7,56;7,58;6,32;6,94;7,36;6,71;7,53;7,00;7,31;7,69;6,31;6,63;7,06;6,73;7,43;7,24;7,04;7,33;7,16;7,00;7,45;7,70;6,68;7,18;6,78;7,46;6,85;6,71;7,65;6,52;6,50;6,55;6,43;6,91;7,45;7,51;7,43;6,65;7,38;6,33;6,66;6,43;7,18;7,03;6,40;7,31;7,00;7,57;7,10;7,49;7,45;6,51;6,94;7,43;7,05;7,55;7,19
Miriam;7,24;6,73;0,00;6,52;7,03;6,86;6,78;0,00;6,57;6,66;7,29;6,65;0,00;7,38;7,08;7,30;6,64;0,00;7,33;6,67;6,93;6,61;0,00;6,50;7,20;7,46;6,81;0,00;7,08;6,94;7,30;7,02;0,00;7,80;7,42;8,22;7,65;0,00;8,90;8,93;8,93;9,19;0,00;6,69;7,01;6,56;7,29;0,00;7,36;7,30;7,26;7,54;0,00;6,88;7,42;6,78;6,48;0,00;6,90;7,36;7,28;6,72;0,00;7,07;6,76;7,06;6,51;0,00;6,67;6,45;6,49;7,25;0,00;6,90;6,69;7,47;6,83;0,00;6,55;6,92;6,52;7,27;0,00;6,96;7,08;6,99;6,81;0,00;6,90;6,65;6,98;6,53;0,00;6,55;6,93;6,87;7,06;0,00;7,47;6,61;6,51;7,41;0,00;7,04;6,89;6,86;7,45;0,00;7,43;7,52;7,46;7,44;0,00;7,04;6,69;7,11;6,83;0,00;6,96;7,19;7,47;7,52;0,00;7,12;6,70;7,36;7,15;0,00;6,61;7,41;6,62;7,03;0,00;7,42;7,16;6,49;6,60;0,00;6,91;6,65;7,24;7,56;0,00;6,84;7,46;6,51;6,69;0,00;6,49;7,17;7,24;6,50;0,00;6,81;6,89;7,43;6,48;0,00;7,32;7,25;7,21;6,89;0,00;7,44;6,85;7,18;6,44;0,00;6,70;7,44;6,46;6,56;0,00;7,19;7,36;6,73;6,72;0,00;6,67;7,44;6,75;7,34;0,00;6,57;7,50;7,49;7,30;0,00;7,48;6,62;7,26;6,98;0,00;7,12;6,52
Jerome;6,98;6,70;0,00;6,52;6,98;6,59;6,83;0,00;6,49;7,39;6,87;6,80;0,00;6,96;6,47;7,41;6,96;0,00;6,65;6,61;6,70;6,52;0,00;7,27;6,96;6,68;6,71;0,00;6,50;6,69;7,30;6,93;0,00;6,61;6,76;6,82;6,65;0,00;7,06;6,77;6,67;7,45;0,00;6,63;6,64;6,54;7,42;0,00;7,16;6,83;7,45;6,92;0,00;7,17;6,85;6,73;7,52;0,00;7,53;6,55;7,05;6,96;0,00;7,40;7,06;6,55;7,51;0,00;7,38;6,51;7,14;6,64;0,00;7,10;7,20;6,46;6,69;0,00;6,89;7,08;7,56;7,05;0,00;6,71;6,73;7,55;6,46;0,00;7,13;7,21;7,16;7,10;0,00;7,32;6,70;6,50;7,50;0,00;6,55;6,57;6,99;7,37;0,00;6,93;6,50;7,11;6,66;0,00;7,50;7,05;6,71;6,86;0,00;7,16;6,74;7,08;6,53;0,00;6,61;6,50;6,56;7,03;0,00;6,62;7,19;6,62;7,00;0,00;7,13;7,48;6,80;6,54;0,00;7,30;6,65;7,48;6,74;0,00;7,46;7,54;7,16;7,05;0,00;7,48;6,53;7,23;7,29;0,00;6,76;6,74;6,97;7,49;0,00;7,20;7,42;6,76;6,90;0,00;6,93;6,86;7,06;7,33;0,00;7,36;7,21;6,64;6,65;0,00;7,51;7,32;6,68;6,58;0,00;7,41;7,36;7,35;6,76;0,00;7,54;6,56;7,25;6,72;0,00;6,68;6,53;6,56;7,15;0,00;7,44;7,54;6,94;6,46;0,00;6,90;7,05
Hannan;6,32;6,87;7,53;6,52;6,48;6,73;7,60;7,54;6,86;7,67;7,02;7,60;6,81;7,29;7,53;6,66;6,98;6,96;7,14;6,67;6,35;7,63;6,41;6,69;7,03;7,63;6,87;6,47;7,08;7,10;6,77;7,49;6,91;7,31;7,08;6,46;7,49;6,51;7,02;7,50;6,98;6,74;6,61;7,61;6,70;6,96;7,68;7,37;6,84;7,26;6,85;7,03;7,64;6,48;7,16;6,31;7,30;7,45;7,04;6,84;7,18;6,37;7,15;7,60;7,38;7,29;7,30;6,39;7,68;6,44;6,45;7,55;7,19;7,04;7,13;6,84;7,42;6,97;6,54;7,25;7,02;6,89;6,32;6,44;7,44;7,46;6,83;6,30;6,93;7,11;7,39;7,42;7,17;6,30;6,39;6,81;6,72;6,42;6,64;6,34;6,40;7,26;7,28;6,67;7,46;6,57;7,66;6,81;7,60;6,46;6,73;6,40;6,35;6,82;6,30;6,95;7,30;6,47;6,36;6,67;7,18;6,70;6,99;6,31;6,69;7,63;6,32;6,33;7,69;7,37;6,74;7,28;7,42;6,51;6,42;7,51;6,72;7,67;7,19;7,58;6,56;6,78;7,04;6,72;7,49;7,37;6,57;6,53;6,94;7,69;6,65;7,70;6,97;7,07;6,37;7,29;6,42;6,94;7,38;7,29;7,03;6,72;7,68;7,17;7,17;6,62;7,30;7,27;6,51;7,55;7,35;7,51;6,50;7,42;6,61;7,57;6,66;6,43;7,30;6,42;7,47;7,01;6,55;6,43;7,11;6,64;6,68;6,69;6,75;6,66;6,53;6,34;6,67;6,50;7,37
Rasmus;8,48;7,66;7,21;8,12;8,11;8,76;8,13;7,75;7,40;8,60;7,49;7,31;7,33;7,21;8,40;8,58;7,96;8,54;8,38;8,04;8,77;7,42;7,46;8,58;8,32;8,36;8,17;8,38;8,02;8,62;8,38;7,45;8,70;7,72;8,36;8,44;8,76;7,81;8,37;7,70;7,46;8,71;8,21;8,11;8,15;8,65;7,47;8,43;7,33;8,23;8,20;7,84;8,08;7,48;8,70;7,60;8,25;8,35;7,86;8,42;7,72;8,24;7,69;8,28;8,09;8,16;7,29;8,50;7,86;7,67;8,48;8,36;7,65;8,36;7,48;8,27;8,73;8,20;7,43;8,57;7,55;8,60;7,86;8,79;7,26;7,93;7,31;7,76;7,31;7,36;8,06;7,63;8,06;8,32;7,84;8,32;8,23;7,24;7,77;8,04;8,11;8,19;7,70;7,21;7,92;7,34;7,46;8,52;7,90;7,43;8,36;7,51;7,65;7,92;7,73;7,61;8,47;7,80;7,59;8,70;8,29;8,75;8,75;8,17;8,03;8,46;7,81;8,71;7,66;8,72;8,20;7,44;7,86;8,16;8,22;7,53;8,73;8,40;7,85;8,07;8,52;8,38;8,04;7,85;7,47;8,29;7,83;8,71;8,11;8,36;7,37;7,38;8,26;8,04;8,12;8,02;7,48;8,18;8,20;8,46;8,15;7,92;8,07;8,57;7,77;8,66;8,59;7,25;8,16;7,28;8,20;7,46;7,46;8,15;8,44;7,70;8,21;7,37;8,74;8,07;7,54;8,77;7,63;8,11;7,90;8,36;8,15;7,29;8,22;8,05;8,48;8,21;8,59;7,97;7,44
Jamil;6,49;7,42;7,11;6,94;7,59;7,25;6,33;7,34;7,26;6,68;6,64;7,14;6,42;7,49;6,35;7,27;6,46;6,79;7,05;7,13;6,61;6,78;7,44;6,75;7,00;6,63;7,60;6,56;7,27;6,79;7,19;6,41;6,64;7,04;6,82;6,34;6,67;6,37;7,30;6,30;6,56;6,32;7,69;7,31;6,64;7,26;6,99;6,69;6,35;6,34;6,32;7,09;6,86;6,85;7,51;6,49;7,45;7,53;7,12;7,47;7,11;6,81;7,22;7,03;7,35;6,37;6,75;6,37;7,06;7,32;6,73;6,66;6,83;7,18;6,87;7,06;7,22;6,87;6,41;6,58;7,22;7,03;6,99;7,48;7,62;6,39;7,39;6,96;6,76;6,51;7,47;6,58;7,45;7,43;7,68;7,28;7,41;7,61;7,49;6,38;7,07;6,58;6,82;6,52;6,53;6,33;7,26;7,15;6,64;6,39;6,60;7,55;6,63;6,97;6,64;6,50;7,51;7,64;7,64;7,51;6,45;7,42;6,39;7,53;7,55;6,91;6,77;6,94;6,72;7,35;7,27;7,10;7,15;7,57;7,65;6,79;6,44;7,66;7,56;6,86;6,80;7,63;7,01;7,14;6,99;7,28;6,33;7,15;7,45;6,99;7,16;6,84;6,63;7,07;7,04;7,55;6,51;7,14;6,30;7,09;7,27;7,48;7,26;7,46;6,82;6,35;7,05;6,74;7,35;6,39;6,57;7,28;7,17;7,34;7,25;6,89;6,99;7,30;6,33;6,33;7,22;6,54;7,28;6,73;7,34;7,49;6,51;6,41;6,99;7,29;7,51;7,61;7,42;7,40;7,35
Eric;7,49;6,68;6,88;7,35;6,69;6,44;7,64;6,32;7,42;7,13;6,79;7,10;6,40;6,46;6,64;6,42;7,31;6,32;7,29;7,14;6,53;6,83;7,52;6,32;6,51;7,56;6,56;7,16;6,91;6,55;7,12;7,54;7,67;7,59;7,56;7,20;6,87;7,62;7,43;6,79;6,72;6,72;7,51;6,43;7,02;7,03;6,48;6,44;7,12;6,44;7,08;6,73;6,59;7,65;6,35;6,77;6,55;7,57;7,15;6,31;6,53;7,57;7,26;6,67;6,45;6,45;6,95;6,91;7,51;6,68;6,32;7,51;6,65;7,05;7,19;7,12;7,53;6,67;6,42;6,51;6,49;6,56;7,31;7,64;7,55;6,74;7,21;6,62;7,58;7,46;7,35;6,38;7,54;6,95;6,82;7,35;6,59;7,49;7,70;7,24;6,86;6,58;6,61;7,44;6,39;6,83;6,65;6,40;6,56;6,53;6,52;7,06;7,68;6,54;7,42;6,37;6,70;7,08;6,30;6,57;7,12;7,45;7,34;7,52;6,45;7,11;6,40;6,52;6,50;6,89;6,70;6,57;6,47;7,12;7,52;7,57;6,37;6,46;6,80;6,88;7,46;7,43;7,16;6,70;6,73;6,85;7,66;6,64;7,41;6,53;6,69;6,48;7,46;7,56;7,50;7,41;6,66;6,98;6,63;6,59;7,18;6,93;6,69;7,25;6,91;7,16;7,47;6,90;7,64;6,58;6,91;6,48;6,80;6,38;6,60;7,41;6,43;7,31;6,84;6,90;6,33;6,88;7,43;6,49;7,64;6,33;7,61;7,62;7,58;7,05;7,32;6,70;7,28;6,47;7,35
Bilal;10,66;10,75;9,03;10,57;10,71;9,48;10,81;10,86;10,43;9,35;9,48;10,71;9,03;10,21;10,25;10,96;9,74;10,64;10,46;9,78;10,55;10,05;10,80;9,30;9,40;9,46;9,20;10,52;10,53;9,22;9,61;9,97;10,17;9,56;9,68;10,95;9,08;10,32;9,23;10,26;9,62;10,28;9,30;10,60;10,81;9,63;10,61;10,26;9,47;9,12;9,70;9,61;9,98;9,10;10,50;10,91;9,40;9,17;10,55;9,37;10,08;9,37;9,73;9,31;10,30;10,86;10,28;9,89;9,64;9,86;10,50;10,38;10,04;10,77;10,41;9,51;10,04;9,26;10,08;9,53;10,90;10,79;9,88;9,57;9,55;10,76;10,41;9,30;9,51;9,99;10,22;10,97;9,73;9,59;10,17;9,85;9,35;10,73;10,38;10,75;10,87;9,14;10,63;9,18;10,11;9,53;9,76;10,75;9,06;10,05;9,69;10,92;9,29;10,99;10,68;10,50;10,78;9,69;10,68;9,93;9,60;10,96;9,15;9,09;10,08;10,46;10,10;10,18;10,96;9,44;9,41;10,82;9,27;9,77;10,83;10,74;9,79;10,67;9,93;10,45;9,93;10,15;10,51;9,76;10,38;10,31;9,55;9,41;9,94;9,79;9,93;10,13;10,63;9,84;9,13;10,73;9,46;10,41;10,86;10,83;9,92;9,62;9,95;10,94;10,25;9,13;9,92;9,67;10,05;9,16;10,30;9,54;10,39;9,29;10,32;12,34;11,74;11,17;12,31;12,49;12,35;11,45;11,24;12,39;12,35;13,11;12,29;12,93;12,91;11,59;12,36;11,91;13,13;12,58;13,59
Christopher;8,68;9,89;8,30;9,63;9,08;8,62;9,26;9,24;9,40;9,59;8,10;9,24;9,73;9,58;9,09;8,14;9,64;8,79;9,49;8,35;9,02;8,67;8,23;8,16;8,25;9,01;9,39;8,61;8,28;9,77;8,66;8,14;8,91;8,65;9,44;9,37;9,27;9,70;9,09;8,89;9,60;8,68;9,70;9,79;8,10;9,16;9,11;9,51;9,72;9,04;9,03;9,88;8,41;8,60;9,12;8,65;9,31;9,45;8,85;8,90;8,40;8,35;8,74;9,61;9,49;8,12;9,63;9,19;8,63;9,53;9,40;9,21;8,76;8,81;9,06;9,05;9,06;9,11;8,95;9,08;9,69;8,88;8,61;8,15;8,42;8,77;8,65;8,58;9,01;8,20;8,39;9,30;9,89;9,84;8,94;9,52;9,88;9,72;8,89;8,71;9,72;9,40;9,11;9,09;9,48;8,66;8,55;8,16;9,77;8,61;8,58;9,60;8,86;8,94;9,38;8,46;9,47;8,17;9,70;9,58;9,03;9,03;8,79;8,94;8,16;8,52;9,40;9,11;9,28;9,63;9,83;8,46;9,80;9,00;8,19;8,82;8,27;9,70;8,74;9,12;9,65;9,55;9,52;9,20;8,42;8,31;9,32;9,08;8,84;9,69;9,20;8,44;8,52;9,11;8,79;8,46;9,33;8,65;9,12;8,39;9,76;8,57;8,39;9,85;9,81;8,81;9,69;8,13;8,53;8,41;9,31;9,63;9,19;9,61;8,54;10,88;10,37;10,08;10,24;11,26;10,21;9,73;10,20;11,83;10,64;10,28;10,31;10,88;11,81;11,15;10,50;12,01;10,24;10,84;13,65
Dejan;7,91;7,86;8,48;9,23;8,05;8,77;8,82;8,80;8,35;9,01;8,37;7,82;8,65;8,96;8,97;8,04;8,79;8,64;8,28;9,05;8,60;9,19;8,51;7,80;8,19;9,00;7,92;9,21;7,83;7,91;8,90;8,88;8,79;8,03;7,95;7,68;9,14;8,95;8,76;8,48;7,76;8,82;9,09;7,65;8,59;8,12;7,71;7,62;9,02;9,05;8,42;9,00;7,75;7,91;7,85;7,86;8,95;9,23;8,84;8,98;8,37;8,02;8,12;8,31;7,82;7,99;9,15;7,72;8,39;9,19;8,19;8,16;7,92;7,91;8,50;7,88;8,06;8,00;9,09;8,93;9,21;8,46;8,35;7,92;8,38;8,80;8,21;8,84;8,52;8,45;8,41;8,48;8,79;7,69;8,33;7,74;8,75;7,77;7,74;8,23;8,65;7,68;8,04;8,90;8,80;8,98;8,39;7,58;7,77;8,45;7,66;7,83;8,26;8,43;7,72;8,22;8,13;8,30;8,63;9,02;7,63;9,02;8,94;8,20;8,42;7,84;7,66;8,36;8,01;8,52;8,29;7,63;7,60;7,65;8,79;8,87;8,29;8,68;8,58;8,05;8,80;8,78;7,63;9,14;8,44;9,03;8,71;8,55;9,06;7,80;7,68;8,47;7,73;7,65;8,51;8,93;9,01;8,16;9,01;8,95;8,02;7,96;8,37;7,85;9,13;8,18;8,29;8,29;8,39;7,86;9,12;8,46;8,63;8,61;8,77;8,68;8,36;8,88;8,55;8,23;9,08;8,00;8,75;9,23;8,07;7,97;9,21;8,80;8,13;8,44;8,66;7,98;8,80;7,88;8,08
Tobias;7,74;7,32;7,97;8,29;7,61;8,57;8,21;8,38;7,88;7,75;8,77;7,60;7,64;7,40;7,54;8,79;7,79;7,39;8,50;7,29;7,92;8,39;8,18;7,74;7,43;8,12;8,32;7,47;8,41;8,73;7,21;7,57;8,25;8,64;8,25;7,54;8,29;8,23;7,48;7,85;7,65;7,81;8,64;8,66;7,27;8,79;8,41;7,91;8,15;7,85;7,95;7,91;7,81;8,20;8,60;7,42;8,12;8,72;7,58;7,24;7,38;7,45;8,01;7,32;7,59;7,32;7,47;7,43;;8,03;8,23;7,55;8,04;8,63;8,61;7,68;7,60;7,36;7,78;7,75;7,53;8,45;8,77;8,06;7,70;7,90;7,56;7,39;8,36;7,36;8,02;7,37;7,63;7,83;7,53;7,43;7,40;8,55;7,70;8,05;7,96;7,35;7,50;7,35;8,72;7,99;8,77;8,32;7,47;7,49;8,72;8,20;8,18;8,80;8,04;8,66;8,40;8,38;8,02;7,32;8,51;7,95;7,97;7,99;8,77;8,59;8,21;8,58;7,33;7,33;8,47;8,22;7,41;8,34;7,96;7,78;7,29;8,30;7,61;8,05;7,74;8,44;7,77;8,71;8,66;8,34;7,91;7,75;8,36;8,00;8,41;8,18;7,30;8,35;8,14;7,69;8,18;8,34;8,09;7,51;8,09;8,64;7,74;7,30;8,43;8,13;7,59;7,26;7,92;8,11;7,40;8,23;8,68;7,67;7,66;9,38;10,57;9,58;10,13;9,90;10,35;9,22;10,26;9,26;10,87;9,81;9,08;9,38;10,23;10,95;9,84;10,55;9,82;10,55;12,76
Abdulhalim;8,26;7,36;7,51;8,74;7,42;8,65;8,40;8,44;7,23;7,57;8,00;8,11;8,74;8,46;7,21;8,57;8,03;8,59;7,74;8,31;8,47;8,11;8,49;8,50;7,56;8,66;7,43;7,84;8,19;7,49;8,69;7,70;8,23;8,18;8,14;8,53;8,09;7,81;8,62;8,67;7,73;8,07;8,17;7,84;8,50;8,71;7,62;7,95;7,58;7,95;8,00;7,72;7,32;7,87;7,88;8,41;7,45;8,54;7,32;7,23;7,52;7,20;7,63;7,56;7,91;7,60;7,42;7,71;7,26;8,73;7,89;7,72;7,39;8,41;8,17;7,20;7,78;8,34;7,50;7,45;7,31;8,31;7,69;7,82;7,61;8,71;7,67;7,37;8,48;7,65;7,40;7,58;7,28;8,53;7,51;7,91;7,83;7,65;8,76;8,17;7,97;8,10;8,47;7,30;8,06;8,46;7,99;8,09;8,06;7,30;7,75;8,18;7,75;8,57;7,47;7,28;7,67;7,28;8,53;7,82;8,74;8,13;8,70;7,58;7,92;7,90;7,93;8,40;8,33;8,46;8,62;7,70;7,98;8,41;8,18;8,28;7,37;7,48;8,12;8,00;7,85;7,29;7,24;7,87;8,69;8,11;7,88;7,63;8,16;8,05;7,44;7,40;7,21;8,37;7,44;8,73;8,66;7,39;7,92;8,15;7,83;8,43;7,50;7,96;8,45;7,62;7,60;8,33;7,84;7,50;8,43;8,32;8,72;8,31;7,52;10,79;12,16;11,02;11,64;11,38;11,90;10,60;11,80;11,11;13,05;11,77;10,90;11,26;12,27;13,69;12,30;13,19;12,27;13,18;17,86
Anil;8,65;8,37;7,55;8,77;8,65;7,81;8,18;7,27;8,08;8,39;8,14;8,53;8,10;8,63;8,42;8,51;7,80;7,47;8,46;8,44;8,60;8,58;8,70;8,48;8,25;8,57;7,31;7,37;7,82;8,61;8,76;7,29;8,38;8,37;8,19;7,27;8,43;8,47;8,79;8,63;7,54;7,34;8,33;8,51;7,28;8,75;8,69;8,49;7,45;7,26;8,58;7,82;8,22;7,28;7,76;7,60;8,73;8,35;8,59;7,63;8,60;7,71;7,70;7,37;7,99;8,54;7,21;8,13;7,37;8,11;8,40;7,98;7,80;7,98;7,33;8,41;7,70;8,80;8,10;7,62;8,54;8,41;8,29;7,34;8,59;7,52;7,70;8,38;7,85;7,96;7,64;8,42;7,37;7,82;8,67;8,59;8,48;8,23;8,36;7,67;7,62;7,46;8,16;8,21;8,34;8,24;7,27;7,96;7,61;8,53;8,68;7,87;8,53;7,34;7,48;7,79;7,97;7,53;7,87;7,95;8,23;8,15;8,75;8,76;8,60;8,33;8,01;8,25;8,65;8,00;8,13;8,78;7,69;8,19;7,47;7,70;8,40;7,48;7,49;8,39;7,28;8,77;8,20;8,42;7,97;8,31;8,28;8,53;8,72;7,30;7,29;7,70;7,41;8,47;7,91;7,62;7,86;7,75;8,41;7,49;8,20;7,51;8,78;8,32;8,00;7,22;8,28;7,38;7,88;7,59;8,17;8,30;7,58;8,17;7,99;12,41;13,98;12,67;13,39;13,09;13,69;12,19;13,57;13,33;15,66;14,12;13,08;13,51;14,73;17,11;15,37;16,48;15,34;16,48;25,00
Felix;7,72;8,26;7,72;8,33;8,37;8,55;7,69;8,06;8,41;7,89;8,35;8,07;7,78;8,04;8,24;7,87;7,25;8,51;7,30;7,85;8,69;8,65;8,58;8,38;8,06;8,41;8,25;7,40;7,66;8,07;7,75;8,79;7,92;7,74;7,97;8,16;7,93;8,57;8,41;7,93;8,28;7,24;8,39;8,07;8,70;7,81;8,23;8,65;8,43;8,09;7,47;8,01;7,72;8,00;7,38;8,17;7,90;7,63;8,39;7,51;7,55;7,28;7,87;7,82;7,91;8,61;8,45;7,65;8,66;8,44;7,38;7,63;8,32;7,65;8,62;7,37;8,06;8,28;8,75;8,09;8,46;7,63;7,79;7,97;8,57;7,30;7,53;8,66;7,73;7,44;8,70;8,71;7,63;7,79;8,55;7,77;8,71;7,99;7,39;7,20;7,40;7,51;8,64;7,86;8,14;8,35;7,70;7,92;8,23;7,60;7,67;8,66;8,11;8,63;7,89;7,94;7,71;7,59;7,74;8,11;8,29;8,61;7,26;7,50;8,06;8,70;8,66;7,92;7,65;8,80;8,30;7,38;8,74;8,34;7,26;7,28;8,12;7,34;7,24;7,28;7,98;7,25;7,63;8,78;7,56;7,20;8,44;7,29;7,24;8,75;7,53;7,84;7,37;8,34;8,25;8,21;8,00;8,68;8,12;8,24;8,11;8,13;8,13;7,79;8,01;7,30;8,77;8,56;8,23;8,37;7,85;8,06;7,85;8,75;8,72;7,44;8,79;7,40;8,52;7,67;7,51;7,71;7,62;7,54;7,96;8,48;8,40;8,73;7,51;8,16;8,19;8,46;8,30;7,36;7,37
Yeganeh;7,34;8,38;8,33;7,24;7,56;8,05;7,87;8,68;7,27;7,40;7,35;8,13;7,76;8,74;0,80;7,28;8,18;8,35;7,83;7,61;8,25;8,70;7,63;8,58;8,45;8,74;8,30;8,72;8,24;7,98;8,32;7,43;8,03;8,51;8,32;7,92;7,34;7,81;7,23;7,52;7,40;7,40;7,41;7,91;0,86;8,28;7,34;8,40;8,34;7,40;7,93;7,41;7,94;8,69;7,78;8,58;8,75;7,56;8,28;7,79;7,29;8,46;8,67;7,34;8,22;7,55;8,05;8,63;8,66;8,66;7,76;8,39;7,58;7,35;7,35;8,79;7,40;7,77;8,32;8,77;8,31;7,29;8,39;8,42;7,95;8,49;8,32;8,40;7,28;8,35;7,89;8,67;8,05;8,08;8,15;8,69;8,59;7,52;8,78;7,88;8,46;7,32;8,10;7,92;7,96;8,70;7,84;8,65;8,20;8,71;8,15;8,07;7,60;7,78;8,67;7,24;8,23;8,36;7,29;8,01;7,67;7,32;8,66;7,25;8,62;7,21;7,33;7,96;7,38;8,50;7,52;7,38;8,50;8,51;8,13;7,70;7,89;7,86;7,57;7,77;7,76;7,44;7,42;7,51;7,95;8,43;7,49;8,64;8,23;7,42;7,70;7,64;8,79;7,96;8,55;8,03;8,35;8,04;7,79;8,45;7,53;7,32;8,57;8,00;7,46;8,17;8,01;7,88;8,75;8,02;8,61;8,27;8,10;7,95;7,65;8,46;7,96;7,59;7,88;7,55;8,55;8,42;8,07;8,46;7,65;7,20;7,36;8,06;8,52;8,03;7,39;7,60;8,62;7,51;7,72
Maurice;8,25;0,00;0,00;7,86;7,72;7,90;0,00;0,00;8,28;7,66;8,38;0,00;0,00;8,05;7,90;8,31;0,00;0,00;7,89;8,39;8,01;0,00;0,00;7,68;7,87;7,65;0,00;0,00;7,73;8,08;7,94;0,00;0,00;7,49;7,65;8,14;0,00;0,00;7,90;8,37;8,01;0,00;0,00;8,35;8,19;7,88;0,00;0,00;7,70;8,02;8,41;0,00;0,00;8,18;8,35;8,18;0,00;0,00;8,12;7,54;7,90;0,00;0,00;7,80;8,36;7,97;0,00;0,00;8,18;8,34;7,63;0,00;0,00;8,38;7,91;8,40;0,00;0,00;8,22;8,20;7,83;0,00;0,00;8,08;7,67;8,23;0,00;0,00;8,33;7,66;7,99;0,00;0,00;8,01;7,93;8,21;0,00;0,00;8,26;7,93;8,02;0,00;0,00;8,14;7,90;8,41;0,00;0,00;8,34;7,80;8,40;0,00;0,00;8,45;7,84;7,92;0,00;0,00;7,97;8,16;8,37;0,00;0,00;7,77;8,12;7,84;0,00;0,00;8,23;7,55;7,54;0,00;0,00;8,27;8,25;7,97;0,00;0,00;7,97;8,37;7,77;0,00;0,00;7,83;8,23;8,28;0,00;0,00;7,85;7,85;7,55;0,00;0,00;7,78;8,16;8,44;0,00;0,00;8,13;7,55;8,40;0,00;0,00;8,09;7,83;8,44;0,00;0,00;7,66;7,67;8,17;0,00;0,00;8,42;7,87;8,33;0,00;0,00;7,72;8,35;7,92;0,00;0,00;7,82;7,85;7,97;0,00;0,00;7,69;7,68;8,13;0,00;0,00;8,31;7,55
Meeraf;7,34;7,32;7,47;8,78;8,57;8,17;8,30;8,69;8,10;8,39;7,31;8,29;8,60;8,31;8,56;8,37;7,56;8,71;7,81;7,65;8,76;7,64;7,31;7,72;8,20;8,72;8,19;8,32;8,68;8,12;8,54;8,50;7,89;7,30;7,41;8,56;7,70;7,29;8,28;8,77;8,64;7,25;7,62;7,77;8,21;7,37;7,55;8,25;7,33;8,44;7,52;8,33;8,71;8,28;8,52;7,25;7,86;8,78;7,40;7,90;8,41;8,74;7,86;7,88;8,59;8,39;7,27;8,13;7,98;8,25;8,43;8,52;8,33;8,57;8,09;7,49;8,04;8,43;8,78;7,75;7,70;7,69;8,80;7,46;7,48;7,66;8,49;7,74;7,63;7,59;8,68;8,53;8,36;7,89;8,45;8,71;7,88;8,61;8,08;7,25;7,73;7,75;7,93;8,55;7,45;7,59;7,36;8,26;8,46;8,77;7,52;8,74;8,21;7,80;7,61;7,34;7,73;8,02;8,07;7,39;7,94;7,97;7,25;7,26;8,58;8,21;7,25;7,48;8,00;8,51;7,45;8,05;7,33;7,35;7,48;8,73;7,57;8,10;7,94;7,90;8,62;7,28;7,88;8,67;7,66;8,41;8,34;7,52;8,25;7,56;8,64;7,51;8,68;8,06;8,30;7,89;7,36;7,49;8,68;8,19;8,73;8,51;7,79;8,26;7,79;8,09;8,17;7,40;7,47;7,86;8,61;8,29;8,35;8,75;8,11;8,68;8,69;8,77;7,52;7,34;8,22;7,34;8,18;8,23;8,01;8,09;8,33;7,98;7,87;7,20;7,51;8,33;7,78;8,30;7,28
Dimitra;8,75;8,80;8,79;8,13;8,36;7,89;7,51;7,27;8,37;7,54;7,72;7,26;8,60;7,47;7,95;7,39;7,54;8,31;8,07;7,97;7,57;8,26;8,21;8,53;7,97;7,89;8,44;8,37;7,37;7,76;7,64;7,58;7,30;7,75;8,65;7,28;8,20;7,37;7,77;8,64;7,62;7,90;7,77;7,69;7,69;7,95;7,63;8,67;7,69;8,18;7,28;8,61;8,22;8,19;7,93;7,97;8,71;7,38;8,30;8,52;7,65;7,56;8,74;8,07;8,43;7,31;7,97;7,72;8,70;7,67;7,84;7,61;8,13;7,52;8,52;7,63;8,59;8,22;8,76;8,02;8,36;8,73;7,31;7,46;8,34;8,80;8,37;7,88;7,77;8,45;7,96;7,66;8,34;7,77;7,44;8,73;7,50;8,43;7,72;7,42;8,60;8,30;8,14;8,70;7,33;7,65;8,45;7,73;7,25;8,35;7,76;7,25;8,29;8,35;8,59;8,28;7,56;7,60;8,38;8,59;8,07;8,36;7,94;7,74;8,65;7,72;8,34;7,51;7,93;7,54;7,86;7,79;7,36;7,54;7,90;8,08;7,21;7,43;7,46;7,74;8,74;7,27;8,51;7,31;7,67;7,90;8,08;8,76;7,24;7,69;7,42;7,68;8,50;7,56;7,80;8,67;8,19;8,15;8,66;8,48;8,64;7,71;8,07;8,27;7,94;7,54;8,23;8,04;7,38;7,63;8,54;7,70;8,01;7,49;7,48;8,56;7,72;7,45;7,84;7,82;7,95;7,42;7,48;7,68;8,01;8,66;7,79;8,21;8,51;7,60;7,57;8,10;7,57;7,91;8,55
Felix;8,58;8,62;8,57;8,08;7,86;7,40;7,52;8,80;7,57;7,45;8,16;8,23;7,92;7,52;7,86;8,73;7,73;8,28;7,34;7,26;7,93;7,53;7,81;7,87;7,49;7,63;8,47;8,79;8,03;8,04;7,26;8,43;8,42;8,23;8,61;7,34;8,36;7,44;8,32;8,61;8,62;7,43;7,96;7,47;7,35;7,29;8,78;7,76;7,29;7,63;7,25;7,37;7,85;8,18;7,70;8,06;7,64;7,25;8,62;7,38;7,91;8,64;8,43;7,63;8,70;8,16;7,90;7,63;7,80;8,58;7,48;8,11;8,04;7,64;7,84;8,62;8,14;8,40;7,42;7,75;7,24;8,42;8,12;7,78;8,37;8,38;8,00;8,23;8,33;7,62;8,45;8,39;8,00;8,39;7,32;8,07;7,41;8,00;8,10;8,00;8,72;7,41;8,34;7,63;8,76;7,71;7,35;7,75;7,91;8,52;8,24;8,23;7,98;7,90;7,46;8,04;7,35;8,50;7,95;7,87;8,74;8,79;8,37;7,69;8,27;7,71;7,75;8,03;7,27;7,32;8,46;7,70;8,43;8,55;7,58;8,51;8,76;7,46;8,31;7,26;8,11;8,04;8,72;7,76;8,67;8,27;8,60;7,37;8,46;7,59;7,51;8,78;7,40;7,65;7,29;7,47;8,50;8,60;7,21;8,08;7,61;8,60;7,91;8,46;8,73;8,68;8,05;7,52;7,21;8,09;8,65;8,60;7,41;8,47;7,63;7,26;7,60;8,36;7,48;7,57;8,56;7,74;8,31;8,73;7,51;7,23;7,91;8,63;8,17;7,90;7,55;8,20;8,49;7,36;8,75
Bürsa;8,39;7,24;8,29;7,68;8,39;8,24;7,66;7,89;7,30;8,18;8,60;7,45;8,28;7,61;7,88;8,61;8,52;8,76;7,27;7,78;7,37;8,30;7,96;8,21;7,75;7,48;7,22;7,87;7,20;7,86;8,18;7,30;8,65;7,96;7,88;8,17;7,54;8,32;7,40;8,79;8,04;8,45;8,35;8,02;7,22;8,79;7,24;8,13;7,35;8,62;7,83;7,29;8,62;8,25;7,78;7,91;8,69;7,29;8,71;8,69;8,33;7,23;8,72;8,47;7,94;7,65;8,29;8,12;7,44;8,10;8,38;7,54;8,51;8,47;7,82;7,68;7,59;7,20;7,50;7,69;8,04;7,82;7,45;8,79;8,35;8,76;8,53;8,33;7,26;7,73;8,10;7,71;7,81;8,13;8,03;8,68;7,73;7,62;8,26;7,26;7,66;8,22;7,87;8,76;7,96;7,99;8,54;8,12;8,23;7,43;7,71;7,46;8,14;8,14;8,60;8,56;7,91;7,92;7,43;8,18;8,75;7,21;8,09;8,26;8,09;7,44;7,56;7,69;7,71;8,14;8,50;8,77;7,55;7,54;8,66;7,56;7,29;7,46;8,55;8,36;8,63;8,07;8,43;7,34;7,80;7,49;7,94;7,30;7,70;8,45;7,61;8,55;8,22;7,23;8,12;7,78;8,10;8,11;7,95;7,48;7,71;7,54;8,35;7,93;7,68;7,77;7,92;8,30;8,64;7,56;8,28;8,70;7,77;8,46;7,76;8,06;8,41;7,56;8,63;7,87;7,63;7,89;7,37;8,04;8,06;8,79;8,10;7,33;7,57;7,62;8,75;7,26;8,72;8,00;7,56
Maurizio;8,32;7,58;7,54;7,35;8,45;7,52;8,01;7,82;7,69;7,41;8,67;8,79;7,80;8,51;7,62;7,34;7,84;7,23;8,33;8,62;7,30;7,28;8,74;7,35;7,35;8,69;8,15;8,63;7,27;7,58;7,73;7,62;8,47;8,02;7,45;8,11;7,25;8,03;8,64;7,60;7,76;8,30;8,78;7,94;7,63;7,46;7,28;8,77;7,85;8,10;7,25;8,46;7,66;8,48;8,40;7,62;7,26;7,30;7,71;8,37;8,19;7,65;8,59;7,58;7,49;8,66;7,97;8,70;8,34;7,77;8,09;7,22;7,34;8,33;8,67;7,40;8,29;8,44;8,43;7,99;7,97;8,08;8,48;7,94;7,48;7,98;7,33;8,68;8,49;7,66;7,29;8,52;7,89;8,52;7,53;8,58;8,69;8,63;8,32;8,65;7,32;7,53;7,66;7,80;7,30;7,75;8,10;7,86;8,05;8,60;8,66;7,38;7,46;8,46;7,61;7,93;8,54;7,64;8,77;7,91;8,14;8,26;7,39;7,93;8,13;8,01;7,21;7,49;8,37;8,16;7,75;7,62;8,13;8,12;8,11;8,12;7,80;8,37;8,42;7,25;7,85;7,91;8,15;7,31;8,63;8,31;8,03;7,22;7,34;7,69;7,31;7,44;8,58;8,01;7,38;7,93;8,61;7,97;8,26;8,59;7,25;8,54;7,67;8,30;7,98;7,24;8,79;8,48;7,50;8,79;8,61;8,55;8,65;7,80;7,46;7,24;8,40;8,66;8,27;8,39;7,86;7,49;7,70;8,61;8,56;7,63;8,76;8,38;8,12;7,24;8,11;7,62;7,58;8,53;7,39
Jonas;8,80;8,25;7,59;7,24;7,98;8,68;8,17;7,31;7,67;8,29;7,43;8,79;7,42;8,52;8,31;8,15;8,59;7,90;7,56;8,25;7,60;7,78;8,61;8,48;7,28;7,87;8,77;7,25;8,69;8,35;8,26;7,83;7,71;8,60;8,54;7,79;8,56;7,43;7,90;8,05;8,14;8,71;8,68;8,26;7,62;8,17;7,54;7,47;8,78;7,56;8,46;7,72;8,41;7,21;8,36;8,54;7,81;7,22;8,56;8,55;8,61;8,21;8,60;8,76;8,08;8,03;8,12;8,43;8,40;8,05;7,77;7,82;7,97;8,46;7,84;8,44;7,56;7,82;8,17;8,59;8,59;7,34;8,73;8,00;7,74;8,60;7,82;8,20;7,57;8,54;8,52;8,64;8,17;7,57;7,59;8,07;7,85;8,46;8,27;7,34;7,25;8,07;8,15;7,94;8,02;7,96;8,59;7,51;7,94;8,04;8,00;8,31;7,38;7,60;7,35;8,03;8,68;7,93;7,58;7,34;8,49;8,12;8,02;7,72;8,05;8,55;7,33;8,16;8,06;7,78;8,13;7,33;8,32;7,61;7,93;8,79;8,00;7,52;7,41;7,95;7,43;7,54;7,99;8,12;7,80;8,22;8,59;7,98;8,36;7,87;7,50;7,25;7,30;7,33;7,76;7,94;8,03;8,02;8,62;8,63;7,77;7,75;7,21;7,38;7,31;7,47;8,06;8,66;7,82;8,04;7,36;7,37;8,24;8,06;7,37;7,63;7,36;8,58;7,50;8,32;7,78;8,25;8,51;7,54;7,69;8,25;8,70;7,27;7,40;7,70;8,36;7,96;7,45;8,56;8,35
Nicola;8,72;8,71;7,78;8,44;8,44;8,66;8,33;8,37;7,51;7,38;7,79;7,84;8,73;8,42;8,46;8,56;7,99;7,23;8,04;8,13;7,27;8,35;8,52;7,59;8,46;7,23;7,55;8,11;8,59;8,54;8,32;7,78;7,79;8,21;8,42;7,67;8,73;7,59;7,93;7,89;7,27;7,40;8,38;9,11;9,18;8,37;9,23;7,96;7,56;7,61;7,84;8,16;8,13;8,52;8,72;9,08;9,65;8,21;9,63;8,90;9,20;9,65;8,93;8,99;8,41;8,23;8,37;7,94;8,14;7,61;8,52;7,41;7,83;8,77;8,11;8,61;7,57;8,31;7,94;8,64;7,59;7,39;8,80;8,45;7,39;8,39;8,66;8,36;7,52;7,64;7,61;8,53;7,29;7,26;7,40;8,35;8,41;8,53;8,37;8,04;8,28;7,84;8,66;7,85;8,14;7,62;7,38;8,49;8,70;7,49;7,49;7,64;8,50;8,60;8,28;8,67;8,66;7,51;7,60;8,61;8,21;8,27;8,76;8,73;7,84;8,60;7,81;7,49;7,30;8,27;8,51;7,26;8,25;8,26;8,63;8,55;7,22;7,33;7,22;8,06;8,56;8,78;8,61;7,50;7,98;7,80;8,02;7,95;8,77;8,55;7,62;8,67;7,83;8,60;7,88;8,34;8,47;7,61;8,50;8,15;8,52;8,00;8,04;7,95;8,60;8,68;8,52;8,80;8,41;7,80;8,58;7,63;8,66;7,63;8,23;7,71;7,35;8,51;7,31;8,23;8,80;8,33;7,25;7,31;7,67;8,06;8,67;7,43;7,63;7,89;7,43;8,72;8,45;8,67;8,31
AliRaza;7,71;7,25;6,53;7,10;6,68;6,51;6,49;6,83;6,76;6,99;7,75;7,31;6,89;7,60;6,70;7,56;7,13;7,50;6,62;7,17;7,19;6,75;7,09;6,68;7,09;7,39;7,74;7,14;7,48;6,79;7,73;6,97;6,78;7,25;7,63;6,75;7,03;6,50;7,39;6,73;7,38;6,88;7,17;7,93;8,10;8,11;8,22;7,82;7,64;7,15;7,38;7,26;7,12;6,95;7,87;8,48;7,35;7,27;8,60;7,14;7,57;7,56;8,33;7,34;7,64;7,82;7,78;7,22;6,85;6,73;6,59;6,75;7,36;7,57;6,94;6,70;7,88;6,80;7,64;7,20;6,55;7,31;7,24;6,77;6,53;7,18;7,09;7,72;7,46;6,79;6,63;6,56;7,20;7,55;6,78;7,39;6,87;7,47;7,33;6,52;6,77;6,59;6,63;6,69;7,05;7,87;7,26;7,92;7,09;6,78;7,59;6,60;7,28;6,59;6,81;6,54;6,57;7,78;6,65;6,65;7,39;6,68;7,73;6,59;7,24;7,55;6,71;7,51;6,94;7,44;7,32;7,41;6,62;6,84;7,48;6,55;7,35;7,08;7,48;6,86;6,68;7,59;6,91;7,83;7,44;6,53;7,40;7,45;6,64;6,84;7,39;7,41;7,44;6,49;6,87;7,05;6,57;7,57;6,84;7,87;7,42;7,32;7,01;7,23;7,14;7,78;7,51;7,26;6,92;7,88;6,69;7,02;7,65;6,96;7,89;6,80;6,55;7,45;7,36;7,48;7,56;7,44;7,13;7,65;6,96;7,33;6,94;6,84;7,11;6,58;7,70;7,69;6,62;7,78;7,62
Sheilla;6,74;7,40;7,20;7,12;7,18;6,54;7,07;6,68;6,87;7,16;7,04;7,42;6,58;7,50;7,75;7,74;6,86;6,89;6,55;6,58;7,54;7,51;7,27;7,22;7,14;6,49;7,08;6,85;6,86;6,74;7,82;7,83;7,40;6,67;7,09;6,66;7,82;7,70;7,10;7,49;7,71;7,91;7,49;7,86;6,81;7,38;7,67;7,41;6,96;7,19;6,83;6,92;7,75;7,48;8,01;8,10;8,69;7,17;8,02;7,59;7,33;7,80;8,32;7,39;7,82;6,74;7,25;7,67;7,61;6,91;7,65;7,62;6,86;6,67;7,84;6,86;7,41;6,93;7,38;7,55;7,06;7,30;7,20;7,61;7,17;7,58;6,87;7,40;7,08;7,54;7,16;6,97;7,13;6,64;7,17;6,75;7,20;7,44;7,57;7,33;7,44;7,02;7,34;7,42;7,62;7,45;7,07;7,26;6,74;6,89;7,69;7,85;6,94;7,24;6,48;7,77;7,02;7,62;7,19;7,65;7,12;6,84;7,75;6,92;7,53;7,74;6,86;7,89;7,61;7,36;7,44;7,22;7,32;7,19;7,13;6,72;7,81;7,24;7,13;7,37;7,26;7,66;7,64;7,20;6,88;7,14;6,75;6,59;7,18;7,46;7,60;7,04;7,24;7,50;7,11;7,58;6,62;7,75;6,57;7,51;7,00;7,77;7,44;7,38;7,18;6,95;6,99;6,59;7,11;6,67;7,43;7,05;7,59;7,87;6,84;7,24;7,13;7,60;7,27;6,59;7,86;7,74;7,59;6,68;6,75;7,35;6,88;6,59;6,55;7,73;6,69;6,49;6,81;7,39;6,59
Richard;8,01;7,83;7,79;8,03;7,36;8,20;6,96;7,04;7,86;6,98;7,46;7,49;8,35;7,65;7,98;7,50;7,95;7,24;8,30;6,96;8,19;7,34;6,99;7,37;7,58;6,89;7,00;7,27;6,84;7,62;8,10;7,52;7,35;6,88;7,47;7,21;7,00;7,20;7,14;7,03;7,40;7,51;7,92;8,11;7,05;8,03;8,14;7,67;8,05;6,93;7,39;7,22;7,75;7,49;8,16;8,04;8,03;7,84;7,45;8,08;6,86;6,84;8,36;7,99;8,31;7,74;7,68;7,20;7,91;7,12;7,90;8,02;7,51;7,02;7,60;7,20;7,80;7,68;7,37;7,75;8,26;7,66;7,75;7,89;7,00;7,46;7,57;7,10;6,86;8,09;8,15;7,38;7,77;7,53;7,80;6,85;8,30;7,56;7,75;7,17;7,76;8,19;7,84;7,71;6,95;7,51;7,87;8,18;7,03;7,12;7,26;7,46;7,21;7,33;7,71;8,30;7,92;7,15;7,95;7,76;7,40;8,33;6,85;7,94;7,37;8,33;7,97;7,15;8,08;8,35;7,67;7,73;6,98;7,24;6,87;7,54;7,97;7,92;7,80;6,85;7,37;7,47;7,17;6,88;6,94;8,01;7,25;7,06;7,19;6,96;7,54;6,98;7,24;6,93;7,04;7,07;8,11;7,25;7,51;8,31;7,57;8,21;7,64;6,99;8,36;7,74;7,85;7,13;8,22;8,11;7,54;7,33;7,56;8,11;7,10;7,91;7,15;7,38;7,21;7,45;7,48;7,52;6,98;7,61;6,91;8,23;7,20;7,42;8,28;8,30;7,07;7,72;7,26;7,58;7,03
Timo;7,89;7,65;6,69;7,23;7,65;8,05;8,01;7,13;8,12;7,06;7,37;7,92;7,11;7,23;7,03;6,79;7,95;6,87;7,77;7,87;7,60;7,09;7,84;7,23;6,69;7,61;7,62;6,67;6,73;6,78;7,13;7,64;7,13;7,86;8,08;6,75;6,79;6,96;7,86;7,01;7,02;7,43;7,31;7,78;7,85;7,95;7,80;7,77;7,95;7,94;7,84;7,52;7,87;7,20;7,48;7,71;7,76;7,50;7,69;7,15;7,59;7,48;7,13;7,47;7,70;7,69;8,11;7,38;6,89;8,03;7,67;6,86;7,12;7,52;7,39;7,37;7,99;6,98;7,13;7,40;7,16;7,15;7,55;6,72;7,94;7,57;6,90;6,72;6,66;6,84;6,95;6,66;6,96;7,11;6,80;7,12;7,51;7,05;6,88;8,03;6,72;7,00;7,79;7,20;7,01;7,57;8,03;7,79;7,05;8,11;7,08;7,70;7,88;7,57;8,12;8,12;7,99;7,44;8,14;7,67;7,34;7,57;7,43;7,50;6,68;7,45;7,29;7,91;6,74;7,95;6,76;6,74;6,76;7,92;6,75;7,64;7,07;7,24;7,65;7,22;7,02;8,12;7,09;7,01;7,33;7,46;8,00;7,85;7,18;7,62;7,80;6,78;7,83;7,21;6,85;6,90;8,14;8,07;7,23;7,63;6,66;7,61;7,13;7,85;6,84;7,85;6,84;7,58;8,12;7,74;6,75;7,63;8,00;7,35;7,53;7,57;7,98;8,11;6,73;7,81;7,23;7,58;6,79;7,78;7,01;7,71;7,86;7,03;7,29;7,19;6,84;8,13;7,73;7,70;6,77
Henrico;7,28;7,46;6,51;7,50;6,84;7,23;7,17;7,66;6,36;7,32;6,90;6,50;6,87;6,33;7,37;6,82;7,26;6,52;6,35;6,86;7,49;7,70;7,07;6,95;6,79;7,51;6,82;7,25;7,67;6,49;7,43;7,66;6,87;7,36;6,36;7,08;7,63;7,58;7,59;7,34;7,34;6,67;6,37;7,82;7,74;7,43;6,83;7,92;6,73;6,68;7,71;7,45;7,37;7,67;6,98;7,29;7,07;7,63;6,99;8,16;8,37;7,04;7,93;8,31;6,40;6,98;7,27;6,43;6,84;7,25;7,49;7,47;6,36;7,38;6,32;6,44;6,62;7,54;7,56;7,03;7,43;7,59;6,83;7,12;7,41;6,72;7,43;7,01;6,73;6,94;7,24;7,26;6,62;6,56;6,52;6,94;7,10;7,13;7,44;7,49;6,60;7,05;7,67;6,93;6,32;6,41;7,24;6,60;7,54;6,58;6,87;6,65;7,60;6,54;7,62;6,78;6,84;7,61;7,57;6,59;7,60;7,67;6,76;7,51;7,49;7,43;7,12;7,56;6,94;6,95;7,04;6,51;7,18;7,53;6,40;6,79;6,51;6,85;6,85;6,38;6,32;7,06;7,07;6,83;7,06;6,33;6,47;6,50;6,84;6,70;6,97;7,37;6,48;6,68;7,42;7,58;6,45;7,21;7,09;7,22;7,63;7,31;7,31;7,62;7,42;7,69;7,64;7,22;7,08;6,78;7,01;6,98;6,95;6,88;6,39;6,52;7,66;6,98;7,41;7,50;7,43;6,92;7,41;6,61;7,14;6,87;6,92;6,92;7,27;6,63;6,87;7,13;6,57;7,56;6,84
Bilal;6,34;6,80;6,83;6,75;6,65;6,31;6,72;7,57;7,50;7,30;6,67;6,81;7,00;6,55;6,89;7,29;6,51;6,68;7,58;6,69;7,09;6,58;7,44;6,39;6,75;6,96;7,67;6,83;7,33;6,38;7,07;6,86;7,56;6,83;6,47;7,45;6,82;7,19;6,70;6,38;6,58;6,77;6,93;7,97;7,02;7,85;7,69;7,93;7,10;6,85;7,34;7,52;6,79;7,97;8,15;8,22;8,32;8,17;7,54;7,60;7,39;7,91;7,82;7,56;7,00;7,43;7,35;7,63;7,52;7,69;6,88;6,35;7,10;6,57;7,32;6,87;6,34;7,17;6,87;7,23;7,43;6,86;7,14;7,16;7,42;7,03;6,36;6,67;7,10;7,30;6,75;7,06;6,59;6,37;6,90;7,49;6,43;7,37;6,88;6,50;7,43;6,62;6,80;7,60;7,29;6,91;7,50;6,78;7,65;7,21;6,76;6,43;6,39;7,36;6,53;7,03;7,19;7,13;7,16;6,39;7,17;6,70;7,00;6,38;7,32;6,51;6,49;7,01;6,36;7,48;6,42;7,23;6,47;6,72;6,89;7,37;6,91;6,79;7,59;7,13;7,57;6,85;6,42;6,72;6,66;7,28;6,49;7,41;7,23;6,38;7,50;6,73;7,46;7,14;7,53;6,56;6,83;6,50;6,70;6,91;7,25;6,58;7,51;7,16;6,76;6,83;6,96;6,38;6,75;7,54;7,56;7,69;6,88;6,60;7,68;6,73;6,63;7,62;7,23;7,06;6,92;7,00;6,82;6,55;7,06;6,62;6,73;7,09;6,73;6,93;6,55;7,59;6,57;6,66;6,95
Leon;7,39;6,88;7,21;7,45;6,46;7,04;7,25;7,26;7,39;7,43;6,88;7,03;6,46;6,35;6,39;7,25;6,95;7,62;6,41;6,60;6,73;6,51;6,58;6,83;7,42;7,02;7,28;6,34;7,03;7,02;6,95;7,05;6,68;6,85;7,60;7,55;6,54;7,27;7,03;6,76;6,69;7,57;6,32;6,90;7,13;7,78;7,63;7,70;6,99;6,84;8,07;6,91;7,05;7,07;7,48;8,00;7,33;7,86;7,04;7,37;7,14;8,35;7,85;7,70;7,42;6,53;6,85;7,10;7,52;6,38;7,40;7,46;7,68;6,38;7,16;7,46;6,76;7,41;7,52;6,79;6,50;7,63;6,98;7,18;6,41;6,58;7,32;7,22;7,45;6,50;6,36;6,57;7,67;7,18;6,89;7,35;6,77;7,53;7,01;6,55;7,05;6,33;7,65;6,54;6,70;6,32;7,32;7,40;6,98;7,22;6,93;6,60;6,62;7,35;7,06;6,96;6,85;6,58;7,00;7,31;6,66;7,33;7,27;7,64;7,43;7,04;7,08;7,17;7,41;6,42;6,51;6,59;6,84;7,61;7,29;6,92;6,38;7,33;6,37;6,73;7,69;7,39;6,63;7,34;6,65;6,79;6,77;7,08;6,75;7,07;7,03;6,89;7,04;7,03;7,53;6,91;7,68;7,02;7,64;7,45;6,91;6,48;6,98;7,21;6,54;7,69;7,17;7,44;7,25;7,20;7,02;6,84;7,54;7,48;6,75;7,12;6,43;6,39;6,90;6,90;6,48;6,85;7,23;7,46;6,70;7,55;7,49;6,50;6,62;6,89;7,39;7,16;6,87;6,46;7,35
Artem;6,34;7,16;6,73;7,43;6,46;6,38;7,17;6,42;6,98;6,50;7,70;6,73;6,36;7,21;6,49;6,42;6,60;6,83;7,02;7,46;6,60;7,13;7,15;6,92;6,66;7,61;6,90;6,35;7,56;7,32;7,39;7,09;6,49;6,62;6,83;7,26;6,80;7,56;7,22;6,84;7,55;6,72;7,69;7,54;7,07;6,83;8,05;7,93;7,35;7,16;7,57;8,03;7,45;7,67;7,44;8,16;7,19;7,44;8,06;6,99;7,76;7,93;7,70;8,02;6,97;7,42;7,62;7,02;6,76;6,67;6,69;6,39;6,59;6,70;7,54;7,49;7,43;7,13;7,54;6,95;6,86;7,05;6,53;7,04;6,68;6,84;6,96;7,33;6,91;7,62;7,12;6,65;6,38;6,56;6,59;6,41;6,64;6,46;6,47;7,55;7,31;7,18;7,37;6,85;6,81;7,68;7,67;7,03;7,38;7,47;6,74;7,16;6,71;7,18;6,73;6,63;7,34;6,44;7,37;6,99;7,46;6,93;7,70;6,98;6,42;7,12;7,13;6,73;6,64;7,62;6,55;6,41;6,72;6,45;6,37;7,00;7,37;6,44;6,39;7,22;7,41;7,70;7,56;7,18;6,49;6,57;7,00;7,06;7,66;7,30;7,40;7,31;7,69;6,92;6,59;6,48;6,42;7,10;6,83;6,78;7,36;7,06;6,59;6,49;6,90;7,51;6,83;7,07;6,86;7,47;7,69;7,20;7,68;7,07;6,56;7,68;6,87;7,67;7,37;6,67;7,20;7,17;7,48;7,19;6,93;7,14;6,74;6,36;6,98;7,68;7,03;7,68;6,89;7,40;7,04
Hassan;7,40;6,95;7,68;7,64;6,65;7,46;6,93;6,92;7,43;7,21;7,28;7,11;7,54;7,47;7,07;6,70;7,65;7,21;7,15;7,48;7,67;6,32;7,00;7,61;7,17;7,31;6,55;6,56;7,69;6,68;6,85;7,50;7,60;7,16;6,91;7,52;6,31;7,64;7,27;7,58;6,39;7,09;7,47;7,42;7,86;7,80;7,80;6,86;6,97;6,95;7,08;7,10;7,12;6,95;7,91;8,40;8,07;8,41;7,68;7,10;8,32;8,36;7,41;6,95;6,81;6,83;6,82;7,48;6,69;7,58;7,61;6,38;7,23;6,73;6,99;6,64;7,43;6,58;6,72;7,50;6,38;7,06;6,72;7,44;6,46;6,37;6,65;7,48;7,22;7,44;6,42;6,95;6,41;6,45;6,61;6,64;6,90;6,93;7,59;6,50;6,83;6,39;6,88;7,56;6,96;7,43;7,36;6,54;7,54;6,51;6,84;7,05;7,56;7,35;7,07;6,76;7,39;7,40;7,14;6,86;6,74;7,05;7,22;6,54;6,44;6,47;7,26;7,17;6,64;7,69;7,08;6,42;7,29;6,55;6,83;7,49;7,46;7,55;7,21;7,59;6,98;7,24;6,91;6,67;6,50;7,36;7,63;7,49;7,17;7,39;6,77;7,29;7,53;6,85;6,32;7,30;6,35;6,44;6,52;6,65;6,96;7,50;6,86;7,30;7,46;6,48;6,48;6,36;6,92;7,35;7,00;7,60;7,58;6,50;6,61;6,48;7,66;7,33;7,25;7,61;6,90;7,65;6,40;7,19;6,46;7,28;6,67;7,36;7,42;7,06;7,30;7,65;7,44;6,87;6,91
Larissa;6,56;7,01;7,31;6,37;6,95;6,66;6,40;7,36;6,62;7,40;7,56;7,44;6,82;7,57;7,51;6,88;7,66;7,23;6,96;6,65;6,31;6,39;7,62;6,40;7,47;7,29;6,59;7,69;6,58;7,31;6,68;6,57;7,04;6,55;7,38;7,02;7,42;6,50;7,27;6,61;7,42;6,53;7,62;6,77;7,96;7,07;6,95;7,96;7,46;7,38;7,62;7,19;7,10;7,03;8,21;7,02;7,38;7,73;7,83;7,53;8,09;8,09;7,29;7,05;7,62;6,33;7,51;6,48;6,44;7,36;6,35;6,36;6,55;6,39;7,70;6,82;7,50;6,33;6,89;7,58;7,62;7,23;7,46;7,21;7,46;6,67;7,63;6,65;6,65;7,63;7,20;7,69;7,19;6,44;6,80;7,31;7,13;6,88;6,91;6,80;6,46;6,81;6,61;6,47;6,74;6,81;7,66;6,99;7,22;6,50;7,30;6,60;7,54;6,57;7,67;7,32;6,89;6,93;6,87;6,68;6,50;6,98;7,09;7,08;7,37;7,01;6,49;7,69;7,44;7,04;7,22;7,19;6,87;6,58;6,35;7,48;6,62;7,07;7,13;7,45;6,71;6,48;6,72;7,38;7,54;6,81;7,42;7,06;6,33;7,01;6,92;7,69;7,29;6,45;6,31;7,68;6,40;6,32;7,12;6,36;7,25;7,54;6,83;6,79;6,58;7,09;7,64;7,01;6,77;7,61;6,73;6,99;6,69;6,79;6,91;6,55;6,50;7,10;6,52;7,59;6,57;7,63;6,93;6,96;7,27;6,72;7,60;7,60;7,17;7,38;6,74;7,25;7,46;6,69;7,28
Benedict;6,55;7,36;6,57;6,53;7,10;6,58;7,16;7,59;7,55;7,58;6,52;6,39;6,99;6,96;7,49;6,51;7,30;6,66;6,55;6,90;7,42;6,34;7,35;6,65;6,70;6,48;7,32;7,16;6,76;7,44;7,55;6,33;6,42;7,31;7,20;7,53;7,55;7,61;6,42;7,22;7,65;6,49;7,53;6,70;7,14;7,45;6,78;6,41;6,36;7,12;6,42;7,15;7,56;7,29;7,03;7,55;7,28;6,48;6,87;6,91;7,29;6,92;6,69;6,49;6,84;7,46;7,52;7,14;6,87;6,88;7,25;7,26;7,52;7,07;7,50;7,38;6,38;6,67;7,64;7,21;7,54;7,24;6,37;7,42;7,14;7,43;6,60;6,75;7,63;6,32;7,17;6,63;7,24;6,77;6,70;6,92;7,49;7,04;6,70;7,03;6,47;7,58;7,65;7,51;7,13;7,19;7,21;7,29;6,31;6,69;6,69;6,49;6,56;6,72;7,34;6,32;7,57;7,53;7,65;6,83;6,94;7,59;7,38;7,36;7,45;6,67;7,70;7,59;7,56;6,40;7,48;6,67;7,02;7,42;7,38;6,63;6,81;6,62;6,45;6,52;6,52;7,11;6,55;6,56;6,67;7,29;7,14;7,56;6,41;6,67;7,38;6,75;7,34;6,58;7,57;7,03;6,56;7,69;7,57;7,59;7,07;6,74;7,16;6,85;7,40;7,53;7,41;7,55;6,35;7,57;7,28;7,14;7,62;7,10;6,73;7,62;7,20;6,42;7,24;6,59;6,86;7,00;6,85;6,99;7,32;7,60;7,69;6,35;6,99;7,43;7,70;7,43;7,30;6,58;7,11
Sianna;7,04;6,60;6,61;6,75;7,03;7,58;7,44;6,85;7,56;6,87;7,20;6,36;7,02;7,11;7,47;7,25;7,26;6,76;6,45;7,03;6,91;6,93;6,94;6,97;7,19;6,87;7,45;6,54;7,57;7,68;6,86;6,38;6,61;7,21;7,07;6,70;6,91;6,70;6,84;6,56;7,00;6,94;7,52;7,57;6,76;6,45;7,24;7,46;7,31;6,62;7,65;7,39;6,87;7,58;7,64;6,97;7,38;6,71;7,56;6,36;6,37;7,24;7,08;7,19;6,57;6,59;6,67;6,78;6,74;6,41;6,52;7,65;7,20;7,32;7,24;7,17;7,68;6,80;7,19;7,70;6,75;6,75;6,37;6,52;6,65;6,85;6,58;7,02;6,74;7,22;6,47;7,09;7,18;6,35;6,98;7,47;7,61;6,43;6,42;6,56;7,37;7,64;7,49;6,34;6,30;6,63;7,27;6,35;7,51;6,60;7,65;7,11;7,58;7,41;7,61;6,72;6,57;7,25;7,64;6,96;6,37;6,60;6,43;7,28;7,15;7,10;6,80;7,33;7,46;6,93;6,87;6,59;7,47;6,39;6,54;7,42;7,34;6,54;6,57;7,61;7,17;7,15;7,54;7,49;6,70;7,38;7,55;6,97;7,26;7,17;7,16;7,31;6,42;6,40;7,57;6,84;6,38;6,52;7,07;7,62;6,76;6,51;6,54;6,47;7,22;6,59;6,58;7,30;6,32;6,77;7,00;6,65;7,56;6,72;6,43;6,43;7,22;7,24;6,39;7,60;6,35;6,72;7,13;6,78;6,52;7,54;7,47;6,83;7,60;7,62;6,39;7,09;6,60;6,75;6,43
Abderrahmane;7,48;6,95;7,06;6,54;7,48;6,45;7,28;6,78;6,92;7,16;7,19;6,34;6,61;6,79;7,28;7,27;7,53;7,68;7,45;6,35;7,57;7,17;7,14;6,58;6,66;7,03;6,80;7,47;7,04;7,27;7,37;6,85;7,59;7,49;6,77;7,04;7,41;7,38;7,66;6,74;7,34;6,34;6,44;6,60;6,57;6,82;6,39;7,57;7,46;7,40;7,39;6,76;7,31;7,53;6,70;6,51;7,19;6,46;6,84;6,47;7,18;7,64;6,39;6,69;6,45;7,38;6,44;7,14;7,39;6,60;6,74;7,56;6,66;7,65;7,62;6,74;6,66;6,60;6,62;6,39;7,63;6,38;7,35;7,43;7,66;7,62;7,02;6,65;7,39;7,11;7,52;7,24;7,09;6,88;7,07;7,28;7,48;6,36;6,52;6,89;6,35;7,58;6,32;6,46;7,06;7,40;6,84;7,52;7,33;7,50;6,90;6,61;7,36;7,38;6,94;7,48;7,07;7,37;6,49;7,53;7,41;6,30;6,63;7,16;7,55;6,33;7,44;6,69;6,32;6,34;7,20;7,18;7,43;7,30;7,63;7,49;7,04;6,32;7,24;6,89;6,75;6,99;7,12;7,57;6,96;6,85;6,63;7,34;7,33;7,64;6,48;6,45;7,63;7,37;7,32;7,30;6,38;6,55;7,20;7,46;7,11;7,41;6,84;7,54;6,46;7,52;7,69;6,32;7,39;6,57;6,57;7,42;7,33;7,01;7,35;6,97;6,85;7,47;6,75;6,34;7,43;7,67;6,92;6,39;7,19;7,27;7,55;7,06;6,51;6,59;7,41;7,28;6,82;7,42;6,55
Jan;7,04;8,03;7,65;7,97;4,42;7,36;8,05;7,10;6,87;5,48;7,55;7,81;7,04;7,83;5,62;7,91;7,98;8,09;6,92;5,44;7,84;7,99;7,30;7,74;5,00;7,17;7,26;6,95;7,53;4,50;7,02;7,20;6,92;7,22;5,24;7,97;7,75;6,98;8,11;4,79;7,70;7,34;7,54;7,04;5,24;7,35;7,17;8,06;7,90;4,34;8,06;7,90;7,07;7,49;4,61;7,95;6,86;7,90;7,69;4,35;7,98;7,56;7,28;7,78;5,66;7,33;7,51;7,22;6,96;5,49;7,56;7,11;7,38;7,10;4,73;7,68;7,91;7,82;7,78;5,60;7,88;7,28;7,45;7,29;4,63;7,13;7,51;6,85;6,99;5,25;7,11;7,40;8,13;7,38;;6,85;7,53;7,02;7,26;5,56;7,63;7,61;7,26;7,07;4,69;7,16;7,57;7,04;7,46;5,40;7,02;7,32;8,05;8,09;4,75;7,99;7,84;8,15;7,67;5,58;7,96;7,70;7,82;7,21;5,24;7,00;7,71;7,44;7,44;5,08;7,02;6,84;6,85;7,43;4,32;7,67;6,93;7,11;7,55;5,62;6,92;6,84;7,28;7,64;5,20;7,31;8,20;6,80;6,83;4,54;7,13;6,91;8,17;7,67;4,71;7,08;8,10;7,91;8,11;5,32;7,60;8,06;7,11;7,43;4,45;6,97;7,64;8,09;7,59;4,70;7,63;7,82;8,15;8,19;5,56;6,90;7,62;7,39;7,17;5,02;7,80;7,16;6,86;6,94;4,45;8,04;7,64;7,79;7,30;4,57;7,73;7,99;7,80;6,93;5,16
Zana;7,05;6,80;6,97;6,86;6,63;7,37;6,51;6,83;7,26;7,04;6,52;6,62;7,21;6,92;6,97;6,45;6,51;6,44;6,46;7,38;6,75;7,10;7,07;7,30;6,93;7,21;7,23;7,39;6,34;6,55;7,11;7,59;6,94;7,19;6,75;6,63;6,41;7,27;7,46;7,32;7,58;6,35;7,20;6,43;7,19;6,41;7,43;6,61;6,60;6,64;7,00;7,39;6,45;7,00;7,22;6,35;6,92;6,65;7,29;7,42;7,36;7,10;6,82;7,22;7,12;6,79;7,38;7,67;6,36;7,54;7,19;7,06;6,35;7,29;6,47;7,64;6,47;6,51;7,29;6,97;6,88;6,84;7,36;6,40;7,26;6,56;7,03;6,81;7,07;7,17;7,65;7,69;6,52;7,42;6,68;7,07;6,87;7,66;7,62;7,46;7,47;7,27;7,53;6,99;6,43;6,38;6,44;7,37;7,48;7,48;7,37;7,33;7,19;7,14;7,44;7,57;6,46;7,67;6,32;7,60;7,45;7,51;7,35;7,67;6,87;7,03;6,76;6,45;6,62;6,59;6,95;6,64;7,67;7,69;7,35;6,93;6,81;7,69;7,02;6,49;7,53;6,67;6,63;7,27;6,87;7,58;7,06;6,89;6,81;6,50;7,49;7,53;6,98;7,19;6,87;7,17;6,78;6,83;7,31;7,13;7,07;7,06;6,59;6,90;7,39;7,03;7,61;6,64;6,53;7,16;6,72;6,98;7,67;7,52;7,68;6,42;7,50;6,53;6,94;6,61;6,80;6,50;7,58;6,42;7,37;7,26;6,57;6,35;6,83;6,50;6,98;6,77;7,43;6,85;6,48
Jan;7,06;7,32;7,45;6,56;7,47;7,19;6,50;7,30;6,93;6,83;6,86;6,53;7,38;6,69;6,35;6,89;6,42;7,62;7,13;7,14;7,33;6,96;7,43;6,54;7,15;6,68;7,17;6,38;6,78;7,68;7,34;6,78;6,61;6,62;7,41;6,34;6,33;6,44;7,21;6,88;6,72;7,56;7,45;6,98;7,52;6,77;7,66;6,54;7,66;6,70;6,81;7,01;7,03;6,69;6,55;7,64;6,53;6,61;6,41;7,19;7,47;6,59;7,67;7,37;7,22;7,46;6,40;7,69;7,14;6,40;6,80;6,96;7,11;6,85;6,87;7,08;6,67;6,72;7,01;6,96;7,50;6,67;6,68;6,50;7,24;7,51;6,50;7,58;7,50;6,63;6,33;7,16;6,67;6,82;6,81;6,99;7,15;7,30;7,68;6,32;7,39;6,50;7,47;6,70;7,07;6,88;7,09;6,57;7,21;6,54;6,68;6,95;7,66;6,91;7,50;7,59;7,31;6,49;7,68;7,64;7,06;6,91;6,57;6,72;7,55;7,25;6,93;6,55;6,84;7,27;6,67;7,57;6,48;6,77;7,19;7,35;7,22;7,55;7,25;6,65;6,33;6,35;6,86;6,56;6,38;7,00;6,55;6,50;6,49;7,05;7,51;6,64;6,62;6,87;7,46;7,37;7,56;6,39;7,60;7,16;7,11;7,05;6,75;6,62;7,26;7,21;7,61;6,67;6,67;7,12;7,38;6,65;6,58;7,23;6,77;7,09;7,15;7,67;6,68;7,33;7,34;6,54;7,38;6,85;7,24;7,44;7,14;6,98;6,52;6,65;6,71;6,64;6,48;7,17;6,45
Pascal;7,60;7,34;6,34;7,21;7,57;6,86;6,77;7,40;7,34;7,45;6,94;7,48;6,58;7,13;7,46;7,14;7,53;7,08;6,92;6,60;7,13;7,60;7,16;6,85;7,14;7,22;6,31;7,53;7,61;6,34;7,56;7,67;7,13;7,09;7,47;6,65;7,26;7,15;6,82;7,43;6,64;6,69;6,34;7,36;6,72;6,73;7,03;6,79;7,01;7,17;6,78;6,94;6,72;6,99;7,36;6,46;6,38;6,62;6,84;6,59;7,63;7,15;6,44;6,31;6,87;7,03;7,21;7,30;6,70;7,57;7,57;6,71;6,72;6,72;6,76;6,72;7,57;6,96;7,65;6,91;6,40;7,34;6,60;6,42;6,60;7,63;7,57;7,22;7,05;6,95;6,97;7,09;7,15;6,38;6,75;6,42;6,40;6,67;7,32;7,34;6,59;7,62;7,00;7,38;7,25;6,95;6,99;6,42;6,31;7,34;7,16;7,35;6,76;7,22;6,67;7,67;7,04;6,76;6,82;6,75;7,21;7,61;6,82;6,88;6,33;7,56;7,50;6,94;6,84;7,31;6,76;6,45;7,32;7,46;7,01;6,42;7,06;7,63;6,71;7,12;7,68;6,57;7,05;7,50;7,44;7,48;7,11;6,71;6,51;7,33;7,09;7,30;7,66;6,83;7,32;6,35;6,69;7,19;7,24;7,24;7,11;6,99;6,97;6,67;6,62;6,37;7,57;7,52;6,49;6,71;7,38;6,39;6,35;7,00;7,64;7,62;6,47;7,03;6,86;6,94;7,26;6,42;6,44;6,54;7,14;6,62;7,45;6,80;7,11;7,06;7,39;6,83;6,71;6,62;6,69
Eren;6,37;7,67;7,47;6,32;6,54;6,49;7,10;6,33;6,46;6,30;6,55;7,06;6,40;6,62;7,63;6,58;7,55;6,79;6,59;6,36;7,51;6,79;7,04;7,26;6,59;6,61;7,24;7,10;6,45;7,63;6,79;7,04;6,88;6,43;6,60;6,43;6,64;6,73;6,49;6,51;7,37;7,03;6,88;6,99;7,05;6,83;7,69;6,83;6,84;6,97;7,28;7,35;7,48;6,44;7,17;7,58;7,68;7,58;6,54;6,60;7,56;7,54;6,67;7,54;7,41;7,57;6,34;7,59;6,36;6,57;7,01;7,69;7,63;6,55;6,50;7,68;7,05;7,65;7,21;7,63;6,34;6,94;6,65;7,34;6,86;7,44;6,87;6,63;7,31;7,02;6,67;7,43;7,16;6,58;7,11;7,37;7,43;6,65;6,73;7,37;7,18;7,42;7,30;7,30;7,62;7,55;7,59;6,96;7,14;7,65;7,06;7,34;7,51;6,39;6,62;6,51;6,56;7,05;7,14;6,88;6,87;7,03;7,58;6,85;7,35;7,65;6,75;7,32;7,12;7,52;7,12;6,48;7,15;6,44;6,78;6,75;7,16;7,55;7,09;6,69;7,69;6,78;7,06;7,45;6,85;7,24;7,10;7,39;7,44;6,97;6,36;7,13;6,33;7,10;7,13;6,57;6,85;6,37;6,45;7,06;7,62;7,49;7,52;7,60;6,66;7,22;6,36;7,55;7,39;6,98;6,93;6,53;6,71;7,20;7,48;6,46;6,90;7,18;7,36;6,72;6,39;7,05;6,91;6,43;7,57;7,05;7,49;7,09;7,20;7,70;7,53;6,31;7,12;6,80;6,91
Julien;7,34;7,51;7,69;7,67;7,16;7,15;6,36;6,76;6,58;6,84;7,18;6,65;7,12;7,08;6,63;6,69;7,27;6,64;6,89;6,45;6,68;7,33;6,64;6,51;7,17;6,70;6,86;6,35;7,31;6,38;6,91;6,82;7,35;7,27;7,24;6,31;6,36;7,01;7,68;6,82;6,54;7,68;6,60;6,65;7,12;6,45;6,57;6,87;6,90;6,63;7,66;7,22;7,10;6,89;7,09;7,57;7,64;6,74;7,09;6,72;6,67;6,38;7,12;6,82;7,44;7,28;7,44;6,35;7,03;6,69;7,66;7,20;7,68;7,25;7,10;7,08;6,93;7,13;7,53;7,32;6,43;6,84;6,36;7,40;7,13;6,52;6,75;7,46;7,23;6,37;7,24;6,34;6,54;7,68;6,58;6,40;6,86;7,16;7,16;7,31;7,15;7,02;7,10;6,75;6,83;7,48;7,66;7,36;7,30;7,33;6,40;7,45;6,88;7,51;6,61;6,62;6,55;6,69;7,41;7,43;7,55;7,34;7,51;7,59;7,26;6,77;7,25;6,67;7,48;7,51;7,00;7,25;7,57;7,13;7,02;6,60;6,86;7,43;7,15;7,60;6,86;7,12;6,82;6,50;7,58;6,39;6,82;6,76;6,35;7,04;6,56;6,96;6,88;6,46;7,42;7,03;6,68;6,83;7,30;7,28;6,74;6,36;6,84;7,32;7,64;7,45;7,59;7,02;6,59;6,89;7,38;7,19;7,54;7,08;6,80;7,42;7,49;7,09;6,83;6,66;7,26;7,39;7,59;6,61;7,31;7,38;6,84;7,22;7,39;6,73;6,36;7,63;6,79;6,86;7,15
Ricardo;8,06;7,24;5,12;7,50;7,99;7,15;7,25;5,36;7,30;7,25;6,99;6,91;4,62;8,02;7,46;7,16;7,51;4,98;7,03;8,07;7,61;7,75;5,56;6,89;7,12;7,12;8,06;4,70;6,98;7,92;8,06;7,03;5,59;7,34;7,85;6,84;8,01;4,72;8,01;7,59;7,62;7,40;4,66;7,62;7,39;7,23;7,14;4,77;7,27;7,22;7,09;7,81;5,36;6,85;7,81;7,17;7,52;5,50;7,89;7,56;7,13;8,11;4,56;6,85;7,06;7,73;7,89;4,75;7,22;8,16;7,64;7,35;5,55;6,85;7,84;7,90;7,33;5,45;7,87;7,75;6,83;8,09;4,84;7,80;8,11;7,56;7,69;5,12;7,34;7,96;7,14;7,82;5,18;7,78;6,93;7,85;7,00;4,63;6,90;7,47;7,62;7,10;4,77;7,33;7,62;7,66;7,33;4,97;7,67;7,12;7,27;7,82;5,54;7,67;7,57;7,38;7,71;4,75;7,03;7,19;7,32;7,54;4,89;7,93;6,81;7,10;7,23;4,78;7,69;7,57;7,22;6,89;5,34;7,14;7,85;8,17;7,59;4,50;7,45;7,80;8,18;7,16;5,19;8,05;6,88;8,04;7,92;4,32;7,31;7,16;7,02;6,82;4,80;7,80;7,02;7,94;7,86;5,26;7,45;7,66;7,39;7,54;5,30;6,97;7,87;8,08;7,50;4,66;7,01;7,95;7,82;7,15;5,13;7,54;8,10;7,42;7,28;5,00;6,82;7,86;7,51;7,08;4,92;8,02;7,68;7,24;7,63;5,08;7,63;6,83;8,11;7,31;5,51;7,27;8,13
Yalcin;6,62;7,40;0,00;7,14;7,12;6,87;6,59;0,00;6,90;7,37;6,64;7,43;0,00;6,55;6,90;6,72;7,13;0,00;7,28;7,16;6,84;7,11;0,00;6,70;6,63;7,37;7,39;0,00;7,56;7,07;7,27;6,50;0,00;7,43;6,77;7,44;7,49;0,00;6,56;6,72;6,94;6,71;0,00;7,40;7,03;6,51;7,04;0,00;6,81;6,89;6,72;7,33;0,00;6,99;7,30;7,14;7,09;0,00;6,96;7,28;7,06;7,54;0,00;7,27;6,62;7,40;6,50;0,00;6,78;6,80;6,57;7,27;0,00;6,94;7,35;7,47;6,82;0,00;6,64;7,37;7,12;7,46;0,00;6,56;6,62;7,16;7,13;0,00;7,01;7,22;6,92;7,55;0,00;6,96;7,16;6,53;6,65;0,00;7,40;7,31;7,47;7,02;0,00;7,22;7,47;6,56;6,94;0,00;6,63;6,68;7,27;6,58;0,00;6,98;6,69;7,14;6,63;0,00;7,36;6,75;7,18;6,89;0,00;6,51;6,78;7,45;6,66;0,00;7,03;7,43;6,82;6,81;0,00;7,11;6,84;6,49;7,25;0,00;6,63;6,81;6,68;6,88;0,00;7,23;7,22;6,67;6,44;0,00;6,71;7,24;6,76;7,16;0,00;6,48;7,34;7,01;7,03;0,00;7,21;7,08;7,41;7,51;0,00;7,30;6,58;6,52;7,34;0,00;6,64;7,54;6,48;7,02;0,00;7,47;6,59;6,82;6,60;0,00;7,24;7,04;6,73;7,42;0,00;6,79;7,40;7,24;7,32;0,00;7,10;7,12;6,62;6,49;0,00;7,35;6,55
Meron ;6,86;6,77;0,00;6,88;7,50;7,43;6,65;0,00;6,99;6,66;7,49;6,77;0,00;6,83;7,14;7,32;7,42;0,00;7,11;7,02;6,71;6,66;0,00;7,15;7,18;6,95;7,42;0,00;7,10;7,08;6,95;7,09;0,00;6,95;7,21;7,42;7,31;0,00;7,03;7,00;6,81;6,78;0,00;7,38;6,55;6,85;7,26;0,00;6,97;7,51;6,95;7,05;0,00;7,20;7,55;6,57;7,51;0,00;7,25;6,50;7,17;6,47;0,00;7,44;7,05;7,17;6,70;0,00;6,49;6,97;7,46;7,11;0,00;6,91;6,50;6,99;7,17;0,00;7,52;6,82;6,50;6,78;0,00;6,57;7,23;6,50;6,45;0,00;6,56;7,09;6,47;6,53;0,00;7,23;6,63;7,44;6,86;0,00;6,74;7,37;6,87;7,22;0,00;7,06;6,59;7,24;7,55;0,00;7,33;6,91;7,12;7,35;0,00;7,33;7,30;6,44;6,86;0,00;7,36;6,46;7,01;7,17;0,00;6,50;6,55;7,19;6,64;0,00;7,07;6,77;6,86;7,13;0,00;7,51;6,45;6,52;6,95;0,00;6,94;7,41;7,05;6,98;0,00;7,39;6,78;6,63;7,54;0,00;7,02;7,50;7,25;7,03;0,00;6,64;6,98;6,99;7,01;0,00;7,15;6,80;6,65;6,83;0,00;6,94;6,95;6,60;6,87;0,00;7,34;6,93;6,58;6,56;0,00;6,82;6,69;7,54;7,02;0,00;6,80;6,91;7,52;7,08;0,00;6,70;6,52;7,37;7,42;0,00;7,20;7,04;7,15;6,80;0,00;6,76;7,10
Julian;6,86;6,90;7,14;7,01;7,24;6,86;6,69;7,57;6,42;7,22;6,88;6,45;7,59;7,23;7,10;6,54;7,25;6,46;7,48;7,11;7,69;6,93;6,50;7,39;7,53;7,40;6,46;6,54;7,57;6,91;7,62;6,94;6,45;7,36;7,42;7,51;7,26;6,32;7,46;6,30;6,85;6,77;7,02;7,55;6,80;7,65;7,25;6,78;6,45;6,55;7,43;7,22;7,29;6,51;7,25;6,66;6,85;7,64;6,80;6,40;7,34;6,54;7,37;6,60;6,62;7,24;6,43;6,68;7,59;6,69;7,60;7,24;7,57;6,39;6,87;7,10;6,54;6,91;7,57;6,93;6,87;7,39;7,46;6,55;6,35;6,87;7,37;7,26;7,21;7,63;6,72;7,35;7,16;6,55;7,37;7,61;6,34;7,40;6,80;6,72;6,88;7,70;7,29;7,15;7,15;7,15;6,77;6,59;6,85;6,95;6,47;7,57;7,07;6,70;7,52;7,67;6,78;6,71;7,16;6,99;6,70;7,57;7,51;7,27;7,17;7,46;7,31;7,21;6,97;6,85;6,39;6,31;6,57;7,20;7,18;7,07;7,20;7,11;7,66;7,60;6,78;7,19;6,84;7,68;6,41;6,41;7,42;6,64;7,25;6,81;6,98;6,69;7,27;7,01;6,42;6,56;7,66;6,36;7,23;7,24;7,07;7,49;6,69;6,35;6,32;6,89;6,67;6,51;7,47;6,64;7,41;6,76;7,44;7,31;7,61;7,53;6,85;6,86;6,50;6,79;7,53;6,92;6,93;6,66;7,68;7,33;7,63;7,11;6,57;6,73;6,47;7,37;6,75;6,57;7,49
Jasamyn;6,76;6,66;6,91;7,32;6,88;6,77;6,45;6,31;6,56;7,50;7,29;6,91;7,18;7,48;7,10;7,38;7,20;7,65;6,71;7,37;6,63;7,52;6,95;6,91;7,28;6,36;6,79;6,36;6,54;7,19;7,28;6,41;7,03;7,46;7,39;6,65;6,66;7,20;7,06;6,64;7,52;6,60;7,56;7,70;6,92;7,69;6,43;6,97;7,66;6,48;6,74;6,54;6,50;7,19;7,27;7,24;6,57;6,79;6,62;6,91;7,66;7,13;7,23;7,67;7,17;6,42;7,60;7,61;6,73;7,03;7,18;6,55;7,37;6,78;7,27;7,16;7,60;6,95;7,50;7,53;6,36;6,34;7,08;6,39;6,35;6,93;7,54;7,58;7,25;7,12;6,86;6,75;7,06;7,21;6,46;6,94;6,67;7,58;7,12;7,22;6,46;6,86;6,69;6,84;7,06;6,39;6,35;7,48;7,32;7,49;7,23;6,57;6,76;7,40;7,34;6,54;6,88;6,75;7,03;7,50;6,45;6,65;7,34;7,50;7,47;7,16;7,12;6,87;6,43;7,47;6,92;7,11;7,40;6,78;6,47;6,56;7,24;7,62;6,98;6,97;7,24;7,21;6,86;7,48;6,45;7,61;6,86;7,06;6,85;6,35;7,69;7,62;7,55;6,39;6,44;6,32;6,95;7,35;6,57;7,63;6,68;6,74;6,63;6,34;7,24;6,68;6,79;7,66;7,06;7,07;6,37;7,37;7,68;6,63;6,86;6,46;6,67;6,73;7,16;7,25;6,83;6,75;6,62;6,35;7,22;7,23;6,92;7,61;7,00;6,81;7,68;7,54;6,61;7,26;7,32
Tim;6,83;6,62;7,09;7,46;7,06;7,30;6,92;6,36;6,98;6,36;7,41;6,98;7,64;6,89;6,83;7,18;6,92;7,56;7,11;7,09;7,26;6,88;7,10;7,26;6,96;6,46;7,12;6,85;7,54;7,35;6,59;6,70;7,37;6,49;7,07;7,11;7,48;7,29;7,14;7,66;6,74;7,37;6,47;7,02;6,69;7,29;7,06;7,32;7,70;6,78;7,59;7,51;6,57;7,06;6,73;7,19;6,85;6,53;7,03;6,65;6,30;7,15;6,83;7,05;6,94;7,43;7,45;6,79;7,22;6,45;6,94;6,47;7,24;7,15;7,07;6,55;6,61;7,02;7,25;7,47;7,31;6,49;6,30;6,90;7,60;6,63;7,24;6,77;6,72;7,54;6,46;7,28;6,41;6,39;7,55;6,99;6,72;7,15;6,87;7,32;7,13;7,31;6,69;7,46;7,19;6,68;7,07;7,59;7,09;7,54;7,15;6,33;6,43;7,13;7,01;7,39;6,80;6,80;7,64;6,98;7,65;6,56;6,60;6,87;6,75;6,96;6,78;6,81;6,83;6,31;6,37;6,70;7,45;7,56;6,53;7,24;7,60;6,44;6,56;6,34;6,94;7,43;6,91;7,23;6,61;6,53;6,87;6,38;7,61;6,97;7,15;7,65;6,78;7,50;6,95;6,30;7,26;7,06;7,40;6,64;6,90;6,49;6,73;7,45;6,52;7,19;6,63;6,54;6,33;7,28;7,07;6,94;7,48;7,37;7,28;7,19;7,04;6,32;7,23;6,50;6,79;7,41;7,62;6,48;7,39;7,21;6,64;6,52;6,80;6,68;6,49;6,92;7,67;7,20;7,50
Mirza;7,40;6,79;6,80;7,43;7,54;7,24;6,81;6,56;7,31;7,48;6,87;7,03;7,07;7,33;6,79;7,35;7,09;6,67;6,50;7,27;6,93;7,68;6,80;7,67;6,75;6,81;7,50;6,40;7,67;7,66;7,43;7,43;6,89;7,24;6,56;7,14;6,75;7,45;7,57;7,12;6,69;6,89;7,43;7,62;7,68;6,54;6,94;6,87;6,75;7,16;6,62;6,97;7,26;7,26;6,76;7,45;6,97;7,58;6,93;7,44;6,53;6,59;6,76;7,46;7,54;7,27;6,82;6,40;6,92;6,50;6,99;7,28;7,49;7,23;7,42;7,21;6,73;6,76;7,60;7,01;7,27;6,95;7,20;6,52;7,22;7,01;7,07;7,55;7,67;7,25;6,99;6,63;7,61;7,37;6,66;7,66;7,57;6,36;7,20;7,44;7,62;7,34;7,55;6,56;7,35;7,06;7,10;7,41;7,57;7,10;7,24;6,60;7,10;7,51;6,34;6,90;6,82;7,55;7,55;6,62;7,56;7,56;7,03;6,84;7,30;6,82;6,77;7,35;7,24;7,09;7,69;7,31;6,45;6,32;6,54;7,40;6,96;6,58;6,74;6,62;7,59;7,24;6,81;6,70;7,35;7,29;7,60;6,79;6,89;7,61;6,30;7,07;7,16;7,28;6,32;7,52;7,44;6,68;7,15;7,21;6,70;7,13;7,11;7,58;6,54;7,53;7,19;7,49;6,39;7,27;7,48;7,67;6,70;7,43;7,14;7,30;7,25;6,60;6,62;7,60;7,16;7,30;7,14;7,31;6,60;6,38;6,45;6,32;6,42;6,80;7,29;6,47;7,46;7,52;7,45
Nicolai;0,00;7,29;6,47;6,88;7,18;0,00;7,52;6,97;6,50;6,91;0,00;6,97;7,43;6,76;7,15;0,00;6,93;7,07;7,46;6,78;0,00;6,75;7,30;7,48;6,86;0,00;7,39;7,23;7,16;6,85;0,00;7,43;7,44;7,46;6,95;0,00;7,32;6,77;6,68;6,66;0,00;6,92;6,72;7,38;7,25;0,00;7,32;6,70;7,08;6,62;0,00;7,20;6,91;6,59;7,52;0,00;7,54;6,64;6,75;7,01;0,00;6,98;7,25;6,97;6,74;0,00;6,54;7,15;6,94;7,35;0,00;7,45;7,27;6,47;6,88;0,00;7,36;6,51;6,50;6,82;0,00;6,92;6,59;6,57;7,47;0,00;7,20;7,32;7,54;6,63;0,00;6,50;7,24;6,60;7,54;0,00;7,29;7,21;7,33;6,88;0,00;7,00;6,50;7,10;7,39;0,00;6,72;6,86;7,11;6,90;0,00;6,88;7,20;7,32;6,48;0,00;6,97;7,26;7,25;6,46;0,00;7,54;6,46;6,49;7,29;0,00;7,27;7,04;7,55;7,05;0,00;7,27;7,10;6,47;6,76;0,00;6,71;7,46;6,51;6,74;0,00;6,68;6,74;7,54;6,54;0,00;7,07;7,28;6,49;7,05;0,00;7,13;7,15;7,12;7,48;0,00;7,42;6,87;6,67;6,87;0,00;6,53;6,80;7,46;7,27;0,00;6,50;7,55;6,72;7,49;0,00;6,94;6,92;7,53;6,67;0,00;6,95;6,46;7,15;7,40;0,00;7,36;7,46;6,65;6,51;0,00;7,00;6,60;7,11;6,66;0,00;7,28;6,72;6,64;7,20
Mohammed;6,73;6,32;6,67;7,40;6,94;7,12;7,44;6,44;6,51;7,49;7,35;6,65;6,63;7,31;6,30;6,62;7,20;6,34;6,71;7,11;7,44;7,57;7,09;7,48;7,05;7,53;6,64;6,49;7,23;7,62;6,85;7,40;6,77;7,22;7,50;7,59;6,33;6,44;7,51;6,54;7,57;7,69;6,34;6,47;6,98;7,48;6,32;7,46;6,64;6,55;6,82;6,56;6,51;7,58;7,02;7,36;7,04;6,89;6,95;6,88;6,49;6,45;7,18;7,68;7,70;6,64;6,81;6,53;6,67;6,38;6,60;7,45;7,31;6,79;6,90;7,30;6,33;6,92;6,93;7,30;7,62;6,99;7,49;6,79;7,29;6,96;6,91;7,03;6,71;6,75;7,18;6,95;6,76;6,55;6,47;7,12;6,53;7,19;7,30;7,36;6,65;6,34;6,63;6,60;6,38;6,59;7,16;6,62;6,97;7,43;6,83;7,09;7,34;7,13;6,79;6,80;6,33;7,19;6,35;7,01;7,10;7,51;6,76;6,98;6,64;6,47;6,62;6,53;7,22;6,78;6,90;7,21;6,49;6,55;7,35;6,89;6,37;6,53;7,58;6,67;7,42;7,18;6,98;7,16;6,68;7,07;6,80;6,70;6,66;7,50;6,50;7,63;7,32;7,47;6,64;6,76;7,66;6,97;6,63;6,43;6,78;6,94;7,31;7,12;6,59;6,69;6,82;7,40;6,97;7,20;6,32;7,32;6,83;6,90;7,42;6,86;7,56;7,39;6,70;7,12;7,52;6,66;6,92;7,28;7,05;7,22;7,16;6,31;6,95;6,74;7,52;7,30;7,47;6,56;6,74
Maximilian;0,00;7,06;6,98;7,32;7,06;0,00;7,14;6,82;6,60;7,04;0,00;7,46;7,20;7,31;7,01;0,00;7,13;6,89;6,91;6,99;0,00;7,12;7,50;7,03;7,15;0,00;7,46;6,83;6,66;7,53;0,00;6,67;6,73;7,04;6,79;0,00;6,47;6,68;6,57;7,38;0,00;6,77;7,10;6,89;7,40;0,00;6,60;6,66;7,52;7,46;0,00;7,14;7,31;6,45;7,07;0,00;6,58;7,09;7,56;6,57;0,00;6,80;6,81;7,35;7,53;0,00;7,36;6,60;7,34;7,35;0,00;6,81;6,46;6,53;6,98;0,00;6,44;7,07;6,56;6,74;0,00;7,53;7,04;7,12;6,46;0,00;7,17;6,54;7,16;7,39;0,00;6,87;7,31;7,24;7,23;0,00;7,15;6,62;6,99;6,63;0,00;6,89;7,30;7,25;7,08;0,00;6,90;7,06;7,00;6,65;0,00;7,30;6,66;6,61;6,80;0,00;7,26;6,90;7,01;6,98;0,00;6,82;7,14;6,90;7,23;0,00;6,84;6,79;6,79;6,73;0,00;6,99;7,22;7,50;7,16;0,00;6,73;6,72;7,30;6,98;0,00;7,06;6,61;7,16;6,96;0,00;7,45;6,74;7,16;6,59;0,00;7,35;6,79;7,11;7,06;0,00;6,91;6,84;7,00;7,55;0,00;6,97;6,69;6,50;7,27;0,00;6,44;6,86;6,80;6,46;0,00;6,59;6,59;7,50;7,33;0,00;6,65;7,31;7,16;6,57;0,00;6,97;6,90;7,25;6,61;0,00;7,54;7,10;7,28;6,70;0,00;7,13;6,56;6,70;6,49
Maximilian;7,22;6,76;7,09;7,35;7,02;6,38;7,14;6,84;7,11;6,43;6,76;6,94;7,65;6,63;7,14;6,80;6,97;6,74;6,38;6,88;7,26;6,59;6,48;7,18;6,58;6,62;6,42;7,44;6,59;6,37;6,65;7,27;7,26;7,35;6,87;7,05;7,36;6,89;7,57;6,45;6,80;6,33;7,51;6,47;7,45;7,13;7,28;7,18;7,24;7,20;6,62;6,73;7,02;6,69;7,52;6,47;6,44;6,84;6,87;7,59;7,03;7,18;7,52;6,72;6,97;6,89;7,42;7,53;7,40;6,46;6,80;7,45;7,61;6,46;7,32;7,50;6,91;7,02;6,58;6,69;6,43;6,37;6,58;7,45;6,59;6,84;6,62;7,62;6,70;7,03;7,60;7,60;6,64;6,31;7,18;7,19;7,07;6,45;7,67;6,94;6,59;7,55;7,56;7,64;6,86;7,49;6,92;6,48;7,12;6,74;6,83;6,89;7,61;7,57;7,27;6,30;7,21;6,54;7,04;7,00;7,59;6,49;7,39;7,38;7,21;7,28;7,12;7,65;7,40;7,24;6,68;6,69;7,05;6,68;6,51;7,25;6,63;7,01;7,67;6,31;6,82;7,55;6,37;6,71;6,43;6,83;6,85;7,54;7,31;7,41;7,65;7,31;6,80;6,57;6,76;6,93;7,60;7,16;6,57;6,73;7,02;6,38;7,40;7,01;6,70;7,21;6,63;6,39;7,09;7,08;7,40;6,35;6,94;7,40;7,35;6,52;7,04;6,92;7,51;6,65;7,48;6,96;7,27;7,15;6,92;7,45;6,82;6,76;6,74;7,59;6,89;7,58;6,63;7,42;6,60
Anna;7,53;6,40;6,46;7,52;7,51;7,23;7,18;6,79;7,59;6,75;7,20;7,63;6,47;6,34;7,61;6,92;6,87;6,97;6,81;6,37;7,16;6,31;6,46;7,50;7,44;7,17;6,81;6,31;7,69;7,65;7,06;6,80;6,90;6,32;6,98;7,25;6,96;6,46;7,12;6,84;6,56;7,09;6,66;6,79;6,96;6,59;6,42;7,59;6,86;7,06;7,32;6,76;6,35;7,35;7,64;6,95;6,80;6,34;7,60;7,20;6,58;7,69;6,52;6,72;6,61;6,32;7,01;7,03;7,64;7,62;6,97;6,86;6,61;7,68;7,32;6,98;7,01;7,57;7,00;7,62;7,04;6,62;6,42;7,02;6,40;6,41;7,65;7,66;7,45;7,56;6,63;7,21;6,30;6,36;6,39;7,66;7,32;7,39;6,65;6,89;7,11;6,36;7,24;7,22;6,60;7,65;6,35;7,58;7,03;6,87;7,41;6,82;7,64;6,98;6,88;6,91;7,54;6,33;7,04;7,65;7,47;7,25;7,51;6,56;6,90;7,54;7,24;6,86;6,49;7,15;7,26;6,83;6,49;7,64;6,37;7,55;6,75;7,59;6,58;6,31;6,70;6,40;6,47;6,87;6,85;7,42;6,85;6,60;6,64;6,42;7,56;7,00;6,40;7,30;7,40;6,71;7,06;6,71;7,35;6,70;6,33;6,64;7,22;6,53;6,65;7,40;7,33;6,70;6,37;6,57;6,35;6,47;6,70;7,17;6,32;7,60;7,61;7,14;6,52;7,07;6,74;6,98;6,50;6,59;6,72;6,65;6,32;6,30;7,70;7,26;7,46;6,69;7,63;6,54;6,35
Maria Jose;7,44;6,94;7,02;7,44;6,62;7,68;7,68;6,65;6,56;6,54;7,25;7,45;6,36;6,63;7,67;6,50;6,33;7,59;6,64;6,55;7,12;6,54;6,78;6,32;7,00;6,59;7,54;6,98;7,43;6,84;6,42;7,30;6,40;7,01;6,68;7,12;6,53;6,57;7,62;6,75;6,63;6,74;6,69;7,01;6,87;7,63;7,36;6,61;7,27;6,69;6,37;7,25;7,48;6,67;7,30;7,29;7,13;7,19;6,61;7,32;6,80;7,08;6,42;7,00;7,67;7,11;6,94;6,48;6,88;6,50;7,38;6,63;6,56;6,40;7,05;7,65;6,68;6,84;7,63;6,83;7,11;7,20;6,66;7,01;6,85;6,91;6,39;7,18;7,10;7,19;7,57;6,83;6,54;6,39;6,49;7,42;7,41;7,69;6,63;6,91;7,63;6,88;6,99;6,74;7,15;6,70;7,03;6,72;6,45;6,53;6,62;7,25;6,33;6,62;7,35;6,68;7,14;7,55;7,27;6,83;7,63;7,27;7,57;7,44;7,39;7,23;7,05;6,68;6,31;7,16;7,18;6,52;7,10;7,19;6,65;6,43;6,72;7,30;6,84;7,12;7,26;7,47;7,62;7,50;6,60;6,41;6,72;6,32;7,54;7,22;7,54;6,86;7,00;6,34;7,60;6,52;6,71;7,57;6,62;7,66;7,53;6,56;6,41;7,39;6,45;7,48;7,11;7,39;6,41;6,42;6,51;6,80;6,37;7,60;7,15;7,27;7,35;7,58;6,92;6,36;6,34;6,36;6,64;7,54;6,46;6,53;6,83;6,74;6,33;6,67;7,59;7,22;6,55;6,55;7,24
